post_id,preds
16,"['jrqlhjsm', '3qvh482o', 'nksd3wuw', 'styavbvi', '8t2tic9n']"
69,"['r58aohnu', 'xcomjvaa', 'mm4kgvt1', 'h3tor88n', 'yztfkwkc']"
73,"['sts48u9i', 'qkg8fwbp', 'pwvcwlh8', '7momt81r', 'myqli11j']"
93,"['k0f4cwig', '8j3bb6zx', 'sv48gjkk', '0t5n87u6', '4fzzoj14']"
96,"['ybwwmyqy', 'ouvq2wpq', 'vabb2f26', 'qh6rif48', '3l6ipiwk']"
116,"['3bo4md44', 'zt5alyy2', 'vx9vqr1k', 'pxhetma5', 'xh723tgl']"
132,"['jjh1z5c6', 'f96qs295', 'm1d8znrs', 'uyb0of5p', 'ximw03ej']"
145,"['yoiq6cgt', '5ngg5hm4', '4qgfjczw', 'dddrzkf6', 'iuxrxwom']"
150,"['td3drkgw', '8hvve871', 'dx2cx9lx', 'gg5c8v7d', 'l4zku2e9']"
152,"['4cnk76lb', 'omrb959r', 'hhuu7ol8', 'c0ipfbeg', 'wgbyqfrx']"
158,"['wq92nfnd', 'opjfy3xr', 'w1bx4a7v', 'f96qs295', '30pl5tx3']"
159,"['9nostuqg', 't5p6z0wv', '49ejyfie', 'enkjb39u', '3xx7rw6y']"
169,"['24u6q3ae', 'z9vjo98p', 'imheos0p', 'kr4sr1ae', 'd78zcfls']"
173,"['6r79qt66', 'wt471v5k', 'tzp03hmr', '4vjpu9t1', '8l5i1z27']"
177,"['bzeqs5oh', 'a40yhtqk', 'hn6clwoj', '675v58x8', 'spfc0fc0']"
178,"['21qgukm1', '7o7v0ewg', 'x9lxyrgw', 'a9prti0f', 'pfbgojxr']"
192,"['s3o9v1fl', 'ktymj1no', 'whkfvd7l', 'i9nchww2', 'ekgqdjlk']"
193,"['yi1s6xap', 'ajqbljai', 'asrkuts7', 'u10j114l', 'ukqhpm5w']"
201,"['f0m3wuyj', '8rn7q32f', 't6rxsiat', 'lj74054o', 'yhyeywvc']"
209,"['913sln1q', 'egzlstrz', 'gsplo37j', '4bw26042', 'hxyn84jt']"
231,"['o8aosx2q', '6x33a6g6', 'fgj2lvbg', '80cbwj3o', 'wjktna81']"
243,"['6a728le9', 'gtp01rna', 'xvphsdg7', 'yn7e3do9', 'q1nye2ih']"
244,"['bc8xa92n', '3xx7rw6y', 'mqu6d8sp', 'msra1ghp', 'qd30tmuy']"
247,"['urj0nssb', 'f5ehif2w', '4mjg7jul', '3swdnn29', 'tij7lakb']"
260,"['bzeqs5oh', 'mjb3ip7a', '0bh8i14e', 'a40yhtqk', 'uohbxoeb']"
270,"['ivy95jpw', 's0ca1r5s', 'hcw0cisk', 'nxu1xoax', '0qy6hcgp']"
272,"['3u3i5myh', 'di4p48ax', 'a4klrp3h', '05vmhjjp', '70s04wty']"
276,"['pspko62f', 'tx2dwo04', 'vqbs5ot5', 'd60chk12', '4iifpqgx']"
291,"['c8od88jh', '9colibhs', 'kzl1dx8i', 'l07q84ni', 'vvx3zukm']"
292,"['xd5uhah4', 'e0a1t2ig', 'e7uvbra5', 'ykxr9q1j', 'xwghd9ut']"
300,"['xlscrlc9', 'pta8enbu', 'h35we3mn', 'ccxnsmia', 'qu7ddcw9']"
306,"['m5pe8kr4', 'zwcbor2f', '8d90mc54', 'xfqst9fl', 'feirpfzy']"
329,"['dsfbmhbj', '855atuue', 'hgcsfxwo', 'dksw5yzp', '2e2s1gof']"
344,"['jhge9qy5', '6lsgwvsv', 'byw8jsqv', 'eywnnzxe', 'l4y7v729']"
358,"['f96qs295', 'opjfy3xr', 't0iw2vod', 'wq92nfnd', 'l4y7v729']"
362,"['bfcz49t9', 'vvmb92wo', 't0iw2vod', 'usyduiti', 'w1bx4a7v']"
377,"['qeqd4soe', 'nxu1xoax', 'roe6g61u', 'aakzdkcj', 'sywxrxmf']"
386,"['urj0nssb', '41yfx1ev', 'ks0zkp57', 'g0cgjlok', 'tij7lakb']"
387,"['qeqd4soe', 'aakzdkcj', 'roe6g61u', 'hcw0cisk', '0qy6hcgp']"
404,"['u89jd28e', 'daj5g788', '35nshnn2', '5nxcmedx', 'hu2lg6i7']"
406,"['daj5g788', 'f3mvdpq1', 'u89jd28e', 'zctjkag0', 'lfqi7jsa']"
414,"['wxrv37ec', '6ywpbdny', 'embn75dc', 'tdlcb9bf', 'ucysxk5c']"
418,"['607lsqlg', 'l2i3aa3k', 't0iw2vod', '9ezhwvv9', '726t123x']"
420,"['t6rxsiat', 'f0m3wuyj', '1jtln8wc', 'eflwztji', 'txnegebz']"
441,"['gi21di4d', 'lkb09vs8', '5iudn4kq', 'ftq6ed38', '9iomlhpv']"
443,"['446p4tbc', 'sikgdopk', 'pmcvhg2i', 'km2uxj9p', '00xnsdt9']"
450,"['ppsk31u8', '1475ms9x', 'wtenvb27', '3vccsofn', '4z8i83p4']"
452,"['45y7jepy', '3xpfjy1z', 'lvbutmio', '4ffyrw1k', 'fjzhe9tp']"
469,"['08u566ia', 'psk1lnff', 'ihgxtu8g', '3c1fujrd', 'vymre7uv']"
488,"['k1n00gir', 'ypxur24q', 'p9qeaedh', '6hehg1yf', 'b0dzhsrh']"
491,"['rn8eezep', '6tlzij5v', 'okfsy72o', 'atd6bg76', 'kk7rlevl']"
499,"['nr0fu2qb', '65efipbi', 'x9sfgtim', 'ropgq7tr', 'db8fl9d2']"
508,"['z2z0hu49', 'nle4axad', '3jn7tdaj', '9ss25ozo', '555e3ndo']"
522,"['iyc8j5mr', 'vjwu0fvp', 'cd5m77rd', '755ym7vl', 'tc6btsdu']"
530,"['ovgk0wsn', '5t4twnpm', '8n4zf9oo', 'ywvk6gu6', 'i5j4nmjz']"
535,"['l2i3aa3k', 'z2z0hu49', 'lpar7tc8', '5c8im9ci', '9zco6ofx']"
566,"['y5b7g8v3', 'yy8mbw1a', 'cgqihd1j', '46y1pa7o', 'uckqx5c6']"
572,"['9mvk86q6', '0e97tdez', 'o1mg23wb', 'u79trvqf', 'bhleyzhc']"
600,"['dx2cx9lx', 'td3drkgw', 'p94qntyb', 'h7n8w2k4', 'vzloj6b3']"
611,"['eauj21v4', 'xcomjvaa', 'jwjualy2', 'leqluxpl', 'hhq50mrc']"
616,"['yslf5er3', 'qgxaekae', 'w4dyadpa', '19hzn57b', 'm8hkj1dm']"
628,"['g6kag5ij', 'dql5n9k7', 'y9urkfnt', 'lafh3w44', 'o3pvsjq2']"
631,"['yjm6asp5', 'nk8m2dxt', 'mmr04tsm', 'u6bgywat', '2yrgy2y2']"
653,"['r9udnmky', 'b5eve7re', 'mcw3ir3a', '5ngg5hm4', 'mu2vqjnv']"
672,"['iyc8j5mr', 'vjwu0fvp', 'tc6btsdu', 'kokfufba', 's9lkvzpo']"
675,"['lwhy2spw', 'zzph3va1', '357sbvyt', '2qksxqmb', 'bwmznl61']"
679,"['7xb7hj9u', '6pn9jwfn', '59u9ezr2', '121p2shq', 'li8kvzdh']"
704,"['r6r7k3zr', 'ghi0ekm5', 'bgn6zrer', 'zbzrxuoh', 'ej20m4lu']"
707,"['o7qibwzj', '6vmfa6qx', 'qe8mxow7', 'rvbofsmb', 'yztfkwkc']"
711,"['o8lasxcb', 'lpar7tc8', '726t123x', '5c8im9ci', 'ey0r1py7']"
713,"['d44561hh', 'jswlq6wp', '75cnqi4v', 'suqkidrm', 'krg8jvfz']"
717,"['2r0a357c', '630w2rtn', 'ua7hsfma', '1adofojj', '7a8ym7uj']"
746,"['pzak57w3', '5gshj480', 'e7ntocgf', 'ehqk1d63', 'udr22zf7']"
751,"['dpt7sh4h', 'sxoo9p8e', 'x5btuxrq', 'dz1da2ba', 'hs2q61gw']"
771,"['sy2i7qe0', '4ifng0a6', 'hlv5zb0s', 'dogie34u', 'm1d8znrs']"
776,"['hfaiddki', 'ho6qjkyr', 'xmqdk2wz', '2kd89h12', 'rnq3k34m']"
787,"['jr92ou2e', '5rdsn2mn', 'b9nsh19x', 'y7v9zc6w', 'ca9uxrtc']"
792,"['ws7lp560', 'gobik7kl', '3ybiysp4', 'atnxkvy6', 'npe81wc8']"
805,"['ag18sokf', 'cmx0rkvl', '5e5cavkw', 'skm4qtgx', 'ff6amr0c']"
813,"['tx3qbg32', '9jqafpkp', 'ua7hsfma', '8dgahmka', '9s63qogv']"
822,"['x5btuxrq', 'dpt7sh4h', 'hs2q61gw', 'sxoo9p8e', 'dz1da2ba']"
824,"['u5rbvc3i', 't0zphgfl', 'm89wmmxd', 'fnguelau', 'yrhb6ktc']"
835,"['bcttenl4', '08z6z7d5', 'fe72aj3a', 'vq9mtrmg', '6a728le9']"
837,"['gha1wg4w', 'mi6bdisx', 'cabmmgg6', 'b0wy5zz4', 'c9fg1ni6']"
849,"['md0drb25', 'ncfvllzi', 'gg5c8v7d', '4kfbs7j4', 'iqe6sdq2']"
850,"['8llmriik', 'mu2vqjnv', 'b36vq2pj', 'svxbesi4', 'ne7e12nj']"
852,"['bcttenl4', '08z6z7d5', '9kk8pevp', 'qbj8n8h6', 'ilnudz0g']"
877,"['6mdimxnk', 'i5j4nmjz', 'v5vwypya', 'ovgk0wsn', 'j41c15mw']"
889,"['v5vwypya', '6mdimxnk', 'ug239kup', 'e9ntnp5r', 'vwvzxlqh']"
916,"['ms7hst7z', 'dew7ug4s', 'mim419b8', 'seuh82zy', 'yyhuctqg']"
935,"['qeqd4soe', '7th3d6wk', 'aakzdkcj', '7esjlc7i', 'dqhdws5k']"
938,"['qeqd4soe', 'aakzdkcj', '7th3d6wk', 'ax3e82js', '7esjlc7i']"
954,"['qtzhfnr6', 's19w1p2i', 'gqwwfpch', 'be4afbyo', '1lggbkly']"
958,"['t1a8vnms', 'rog0fp93', 'sq01hlaa', 'e9j4b00a', 'unx1pv2k']"
969,"['nbdk83ok', '69wuny3p', 'dpyz8uh4', 'sgwvid9l', 'cj7ygzfy']"
971,"['wpabett8', '752z66xr', '88vj8czi', 'ziyzdcmg', '3kl4p7h9']"
977,"['c82i3u0j', 'ravcm60e', '4rzttwyp', 'j1lhgciv', '24u6q3ae']"
984,"['msra1ghp', 'zy48nad1', 'ut1lltad', 'bwmznl61', 'w9qei8zj']"
987,"['utak6i4e', 'ub7ilx98', '8xgp6nhy', '3mfwweyr', 'vo4csaah']"
1039,"['5aev7ltr', '26kx1b0h', 'bv7hvc1e', '0oq0xmzr', '8zufbeuz']"
1056,"['lvw0cnwj', '8lyipugh', 'jjiiutd5', '7pcnf2iv', '0ogmwreb']"
1060,"['1k0xqhda', '121p2shq', 'yn2aylru', 'zv8xt1dd', '6hl6rtsh']"
1062,"['5t4twnpm', '9mdf927z', 'ywvk6gu6', 'i5j4nmjz', '53zopedx']"
1070,"['5yscqct1', 'rpwmcqbg', 'lvw0cnwj', 't0iw2vod', '4vq9ljlg']"
1072,"['s23d5pns', 'f3mvdpq1', 'd7tk12u2', 'gydzq4n3', '0h2x79ye']"
1073,"['oa81rhdb', 'mo7oq5t8', 'hbyxy4ln', 'vp78d808', 'haxdc30r']"
1075,"['aj885nl0', '2w6p6jji', 'uxz185vr', 'imte5ong', '2uy0jjdh']"
1092,"['qeqd4soe', 'roe6g61u', 'aakzdkcj', 'hcw0cisk', '0qy6hcgp']"
1103,"['e4y6l4lx', 'i6qoo03c', '9oxajwkk', 'h65g7bf2', 'yixcdi41']"
1104,"['8l5i1z27', '5tdmh0ac', 'tvhn7lnu', 'di4p48ax', 'wt471v5k']"
1108,"['vp2t4xkn', 'qqdcs77q', '63b7yidq', 'suqkidrm', '3z9ubx09']"
1118,"['jihyavm1', 'eumvomou', 's245n3qw', 'etriddkx', 'waujy98e']"
1119,"['e0pz0z4j', 'jhge9qy5', 'xtnyad3j', 'exl5zxeu', 'ypt4kt78']"
1128,"['ypxur24q', 'k1n00gir', 'p9qeaedh', '6hehg1yf', 'pndr91lw']"
1131,"['e5v9e584', '4d6az41t', 'pf2wsny3', 'wwt7mn55', 'pg69ww3a']"
1144,"['ia8rou81', 'uv5jctnd', '57w1iir4', '5rpd8d0t', '40hd9tg2']"
1161,"['qeqd4soe', 'roe6g61u', 'aakzdkcj', 'hcw0cisk', 'nxu1xoax']"
1162,"['6ukt0gbn', 'r1m709hb', 'uqeikj0m', 'vu1f1hp6', '25bdifv6']"
1172,"['t2gxkxxd', 'trrg1mnw', '2jdlavwj', 'o4vvlmr4', 'fxwszm22']"
1179,"['7d6snq1v', 'gjsrfmj4', 'lhvgsmgf', 'dti9o5x3', 'sxl49cs3']"
1184,"['s9b631ee', '1fzqh9mb', '383i8p9j', 'y0qrxya9', 'iaantqht']"
1189,"['v5beddu4', '9e6g15iw', 'k36t200n', 'b4mjo92p', 'yqx0xqz9']"
1198,"['1f6kq8co', '8p81kc9z', 'aqke0012', 'jj2baaph', '914oafkn']"
1211,"['wyn09ag4', 'jmdrupds', 'udtoutew', 'h7f3bkc2', 'u6b8iwr0']"
1222,"['upf0ecx7', 'ivug325f', 'gg5c8v7d', 'vbnke2q5', 'o8nf7nd0']"
1225,"['szekvw7e', 'r0nmq9ne', 'o0m20894', 'zweyxxg2', '00ugdhvf']"
1229,"['od5nnxvg', 'aawjla6h', '5zn5mgi9', 'pc2cnhjd', 'fxvro3wl']"
1230,"['atwx0a2s', 'ximw03ej', 'db8fl9d2', 'opjfy3xr', 'f96qs295']"
1237,"['v0y734lu', 'nt1e70dv', 't3dzso36', 'hmkqnply', 'rb20ge7e']"
1250,"['cnfpsbuk', '9iz8papc', 'szekvw7e', 'sz072p5o', '3q36knqh']"
1261,"['qlejjw9s', 'ks0zkp57', 'zsygn29p', 'uliopaz0', 'o8lasxcb']"
1262,"['bzeqs5oh', 'a40yhtqk', '675v58x8', 'mjb3ip7a', 'e0pz0z4j']"
1272,"['02p4et0u', 'utak6i4e', '4gxff3rd', 'taz8f384', 'nosh8awp']"
1274,"['vwgvlqml', 'ki93iltt', 'pl6dpxkz', '08p8ns2d', '4zd58eqy']"
1304,"['u999bx7a', 'ci0hmkjk', 'i6u1x0xq', 'fe42i4pf', 'hakz1lr3']"
1314,"['atloc9th', '72s5lbz1', 'j4bfn87k', 'vqswp96l', 'wijqiktk']"
1319,"['qibt88f7', '65efipbi', 'hnsv4ov0', 'm1d8znrs', '34y9fx51']"
1342,"['d6a6nagk', 'bzeqs5oh', 'uohbxoeb', 'mjb3ip7a', '7wsumadw']"
1345,"['3cr97dii', 'ttpbs13r', '1vd4j3qc', 'c9fg1ni6', '7f33cu6l']"
1346,"['ba5h6uhu', '6uli512b', '7xt894vr', '6k0nhmg9', 'lgflny84']"
1351,"['q1nye2ih', 'jhge9qy5', 'ihler8r0', 'ioclf03d', 'q54el8tf']"
1355,"['3cr97dii', 'ttpbs13r', 'b0wy5zz4', '7f33cu6l', 'rckwiqgb']"
1365,"['g8tckoxj', '85jx7i06', 'tloczjn5', 't6de15ax', 'pvsox183']"
1374,"['ys7azmv7', 'cg6v3yma', 'lr20prun', 'a2voobqa', 'lkb09vs8']"
1381,"['4ckob7b0', '1fgnfh62', 'pm825xn1', '8ruux4sw', 'qeqd4soe']"
1398,"['5c8im9ci', 'rpwmcqbg', 's8nx7wim', 'w3d33mq0', 'nle4axad']"
1402,"['u5nxm9tu', '5tdmh0ac', 'z8ajje2l', 'tn8houmc', 'pc04eb8e']"
1409,"['8bjfoa9g', 'csflacrq', 'ghl2a25n', '376x58k1', 'sijfzd2o']"
1410,"['gi3vfi68', '0shy9q2l', 'bk3ss63e', '0t5n87u6', 'cymppa7g']"
1428,"['unhrmzn5', 'qqdcs77q', 'w750idb5', 'xre1l41y', 'lv5s1bko']"
1430,"['s23d5pns', 'v3kzly7z', 'dpws8p4y', '0h2x79ye', '7d6snq1v']"
1447,"['tnkkas7x', 'i71r4eks', 'sqxl75qb', 'bn4rpjv0', 'ufniziwd']"
1452,"['gu4mz2vp', '2bupc5jh', 'ach2lhhe', 'atloc9th', 'qfrenkb6']"
1455,"['wku1sd9k', 'qxntta1u', 'eecwjrdc', 'wnuvofwr', '8bi9owk4']"
1468,"['6mzqk12f', 'o1xsjx2p', 'lgflny84', 'i9nchww2', 'xl1e9gzc']"
1471,"['xk2inqjm', 'qm0f590n', '5q7fmrqo', 'dql5n9k7', 'upqf41te']"
1476,"['963hkkiy', 'wtenvb27', 'h4fo8h90', 'ezrarusj', 'z1gnvb6i']"
1479,"['gydzq4n3', 'mdy40mhu', 'o3pvsjq2', 'tv014ubp', 'y8i60bm3']"
1484,"['w1bx4a7v', 'db8fl9d2', '9b6cepf4', '30pl5tx3', 'f96qs295']"
1490,"['f96qs295', '5vodag6c', 'w1bx4a7v', '2fokjcjr', 'opjfy3xr']"
1492,"['zycgczqy', 'f96qs295', 'w1bx4a7v', '1s8jzzwg', '30pl5tx3']"
1517,"['ox59xb6z', 'ypt4kt78', 'j81mq3nr', '7obhnmah', '1kubts7j']"
1526,"['dudc5eh8', 'x924tb4t', 'w45ih46q', 'dljqpvyk', 'ijzoa0yn']"
1536,"['h2lnqvsv', 'k4k3kcrh', 'a9yo0htv', 'f257q7ku', '1m093f8d']"
1537,"['73b58lcm', 'gufhaylj', '6r79qt66', 'ypt4kt78', 'ajzcx2rg']"
1543,"['52cub1om', 'g17lp8ch', 'h5xvrtfy', 'eedd2t7x', 'wiei5dpt']"
1555,"['3u3i5myh', '05vmhjjp', 'k457kqlo', 'vu8hfm1g', 'ckswlo9o']"
1559,"['11xjl53c', 'v4pkwd44', 'cv988sbx', 'ruegzkoo', 'i1icueuw']"
1566,"['n3i3x5pn', 'ycklcks9', '9avmlz30', 'uxn85mir', 'wqri0z4p']"
1598,"['uqfwx4nk', 'e9ntnp5r', 'ug239kup', 'q1mq5f2t', 'zzyibdy7']"
1608,"['ax3e82js', 'qeqd4soe', 's4xintwp', 'bzeqs5oh', 'o1xkgkn1']"
1609,"['iepagac8', '60en5zy7', 'zowgwnjq', 'dnm7s947', '8g70j0qw']"
1620,"['s7z1l3a9', '0zjpvzof', 'gc9eg5j3', 'dksw5yzp', '41yfx1ev']"
1643,"['whkfvd7l', 'yixcdi41', 'mru0mcup', 'wvfw94n1', 'n39y3kq2']"
1655,"['wg0q628x', 'e1rl383p', 'rfekwtdb', '1xqsmtcu', '3znsneqq']"
1677,"['9gqonmf5', 'yu2qzp18', 'r5eve0bl', 'bzn7wd36', 'e756pbyp']"
1680,"['xr70oiv3', 'mu2vqjnv', 'r9udnmky', '6ys3uogb', '3jgm3uhs']"
1702,"['t0iw2vod', 'w1bx4a7v', 'ropgq7tr', 'x9sfgtim', 'y43prnko']"
1749,"['jhsqrto0', '7jjxpbpa', 'ahxldfao', '50dmclk4', 'nf6n6afo']"
1769,"['qnqh7fum', 'bv1v3awh', 'lricvxim', '4budtw8s', 'uddwc4tu']"
1786,"['k450igys', 'eecwjrdc', 'ijsn8d7b', 'wku1sd9k', '99ln2zzs']"
1800,"['x220pjeg', 'auo73dv7', 'n4ildbuc', 'evuixig8', 'f0kcf2y0']"
1807,"['oah1to9w', 'xo7q4dqr', 'lfvvfzi5', 'fi7a0qvj', 't5p6z0wv']"
1818,"['d3fpqczo', 'f6vau5s6', '0i12e4tn', 'thvhvf4t', 'u3832seg']"
1821,"['khkw1hhv', 'kvcx11yo', 'c6lilxk3', 'lfvvfzi5', '1omv4r30']"
1835,"['h8w4q5ff', 'y8boml8i', 'ea2c1l2q', 'ziyzdcmg', 'qpgvrtee']"
1846,"['lfqi7jsa', 'ii0ceksc', '1epgt2u0', 'x0cs571f', 'f95ext4b']"
1862,"['hu2lg6i7', 'utak6i4e', '1epgt2u0', 'f07go7nh', 'gufhaylj']"
1866,"['mgwx0u6x', '8oi7ptfj', '1epgt2u0', 'tpswy2g5', '5vx2ylui']"
1875,"['p8ckcvyj', 'rc6cza9r', '58mdhe5v', 'bran54ku', '3eq34w2u']"
1877,"['v7ckvxjp', 'e7ntocgf', 'tplp90or', 'ou731vpe', 'uk0hlynp']"
1904,"['1l7hldfh', 'na3c21pf', 'wzp7hpgc', 'c3v7rf1m', 'rvfxcqvu']"
1935,"['hz5vigp0', '3o91v72a', 'g0f4opa2', 'q4zuslmp', 'u4ntxo0y']"
1958,"['jmdrupds', '1k0xqhda', 'iy1enazk', 'r2hovw0y', '5yscqct1']"
1962,"['f3mvdpq1', '5upb25gt', 'vw3cuiof', '60sbhzfs', 'p91vvukr']"
1966,"['6cx33se3', 'fmgj3noh', 'o6i5ca7h', 'ex6dyr77', 'vxavox24']"
1975,"['sc40pmn4', 'w7smahni', 'jf9whlu7', 'e8fhlo37', '06fwhyac']"
1984,"['d4eae8g3', 'ogrlupbx', 'h8biqqdw', 'cwdtyr1v', 'c3v7rf1m']"
1985,"['d4eae8g3', 'yqx0xqz9', 'pgasbdpp', 'ogrlupbx', 'cwdtyr1v']"
1990,"['sjrle2n0', 'fnojlsnj', 'lk2snptj', 'mkwgkkoi', 'cw3epg39']"
1997,"['6hkqe14l', 'ijoyk390', '6k0nhmg9', 'fgj2lvbg', 'wjktna81']"
2008,"['dnm7s947', 'cxqzo58q', '3zdv9zim', 'zowgwnjq', '8g70j0qw']"
2057,"['dlwfu274', '8t4rnfyu', '7bhue8w5', 'jswlq6wp', '6a6tyvtz']"
2067,"['unl3n0tn', '5a0yyowv', '5aia1f36', '30pl5tx3', '8bjfoa9g']"
2086,"['jwei2g97', 'qnuphz59', 't2gxkxxd', 'o4vvlmr4', 'yx0u0iyw']"
2104,"['v5beddu4', 'k36t200n', 'b4mjo92p', '9ixpj162', '9e6g15iw']"
2116,"['3u3i5myh', 'ckswlo9o', 'eywnnzxe', '05vmhjjp', 'k457kqlo']"
2120,"['eywnnzxe', 'a0rvtsog', 'v8ujnrbi', 'cvbxv7h7', 'byw8jsqv']"
2123,"['ccat4lyb', '3mk8dwf9', 'zueprmdz', 'd3pxk5tr', '7gj2cl8r']"
2125,"['pgasbdpp', 'd4eae8g3', '4gj7qdtw', 'ogrlupbx', 'yqx0xqz9']"
2132,"['6a728le9', 'wjktna81', 'qbj8n8h6', 'gi3vfi68', 'vnb7g17n']"
2139,"['duqgd4gs', '1mx3jrup', 'z5rwznmv', 'frr4vu0w', 'w25jpub7']"
2149,"['9jfclm9c', '13kzv4b2', 'irx4pcsx', '0e5gqepz', 'roev0cye']"
2154,"['ffy19pp9', 'cmp1bvhd', '2lanvyia', 'jdob76wp', '7auhiq44']"
2160,"['30pl5tx3', 'rpwmcqbg', 'zycgczqy', '9b6cepf4', 'l4y7v729']"
2161,"['ptd57hee', 'yaedocvp', 'dsfbmhbj', 'gha1wg4w', 'n4qil86v']"
2162,"['v8ujnrbi', 'cvbxv7h7', 'l57v4wnr', 'fo815n5l', 'a4klrp3h']"
2172,"['tra5ewc5', 'f96qs295', '30pl5tx3', '0hbyplqq', '0r0zdpds']"
2185,"['xe8t3uqp', '3rxis57m', '0pcgcbjw', '2rcngljf', 'yremzay9']"
2199,"['iu5ndsxn', 'ml27mexb', '186wyg7t', 'nz976qc6', 'aakzdkcj']"
2200,"['8g8yc0tu', '8pkwqg5j', 'y07xjnpe', '15qzydx3', 'i513q4l4']"
2201,"['urj0nssb', 'f5ehif2w', 'ks0zkp57', 'g0cgjlok', 'ofbnzo6n']"
2210,"['11xjl53c', 'k0v1axmd', 'lfk6e8hy', 'i1icueuw', '54aruvbf']"
2236,"['eydniusb', 'uyrg5bed', 'elu3dztf', 'wq3ulivi', 'ufk458to']"
2246,"['zrg21jgx', 'kkbkh4yi', 'qjqk8xge', 'znwa2kig', '0ojzssli']"
2251,"['95wclabe', 'aq2iz9tq', 'cfi5zhgu', '10l12wgu', '6e0yre69']"
2256,"['j8666ial', 'hgph0vx4', '8cd5z4di', '7fociv5v', 'ej20m4lu']"
2259,"['znswomwk', 'wxor6kg3', 'edz3up3a', 'fo815n5l', 't84pu00z']"
2263,"['w1bx4a7v', 'w3ls1d7w', 'u8mu4yga', '1s8jzzwg', 'pdfl15fz']"
2269,"['db8fl9d2', '844229sb', 'nr0fu2qb', '1s8jzzwg', 'gtwg0m54']"
2284,"['3ss714ha', 'vo6jdb65', 'z0p4f7tq', '4ckob7b0', 's0ca1r5s']"
2287,"['8sb8brew', 'dyxfsojh', 'vuzbni5m', '7z6e5jhh', 'dcli6uaq']"
2308,"['qvuuhkg6', 'sfr2nsmi', 'fgdzfr39', 'vmmztj0a', 'bgn6zrer']"
2313,"['xsk68m5f', 'osol7wdp', '5upb25gt', 'eflwztji', 'txnegebz']"
2318,"['6r79qt66', 'ifovibzi', '6gcahsgs', 'vgmzb03s', 'u6a65x9h']"
2334,"['b1s3ubm1', 'p91dk324', '2dvljm27', 'nbn44sxq', 'fhxgzm2i']"
2368,"['ko8lyoob', '7tp8z7n8', '5hei9fac', 'hm332jqo', 'jfj7vrz7']"
2377,"['bzeqs5oh', 'cq5z8lqu', 'k2f667sc', 't7xaqtgo', 'uohbxoeb']"
2427,"['bttme4wn', 'szteqo8t', '798ajlwl', '2xzntu5c', 'w4pgkid9']"
2429,"['tv1a1hwj', '6teavsk5', 'q9d54z1s', 'cq5z8lqu', 'lht6lhry']"
2432,"['hbvwm62l', 'd9rd5392', 'sybr04qy', 'klqji8gj', 'ry13iyxn']"
2436,"['73b58lcm', '2ierk83o', 'dbwew1op', 'j3b964oz', 't5iz3vdz']"
2438,"['joy8utv1', 'cq5z8lqu', 't7xaqtgo', 'zghh0zbd', '6a1fl65b']"
2450,"['vdfnrh9k', 'lsvf3hl6', 'tppfqvtf', 'lldu8qv9', '0rftk787']"
2470,"['d4eae8g3', 'cwdtyr1v', 'ogrlupbx', '7qpwux9w', 'cvkdpnn3']"
2474,"['ypt4kt78', '6l3coibe', 'c9fg1ni6', 'v3kzly7z', '7d6snq1v']"
2477,"['itx70h27', 'f4x16qyh', 'v1uoy0sd', 'd60chk12', 'g36nudpa']"
2485,"['w45ih46q', 'r9qtzdvk', '4rsvcbnz', 'y5a9xtr5', 'ti8hnjgc']"
2489,"['8nk7pplh', 'kfjgy6wl', 't3qddrc2', '71cxwu1t', 'ncfvllzi']"
2492,"['fg9cy17k', '25bdifv6', 'o8lasxcb', 'k457kqlo', 'cfd1x420']"
2502,"['fz14yjvm', 'n4qil86v', 'fxvro3wl', 'l2i3aa3k', 'r3w90vg8']"
2505,"['v5beddu4', '9e6g15iw', 'b4mjo92p', 'l63d9lyd', 'k36t200n']"
2517,"['qeqd4soe', 'roe6g61u', 'aakzdkcj', 'sywxrxmf', 'nxu1xoax']"
2545,"['qj1v04cf', 'k36t200n', 'cd7cfpx3', '2l83gyx5', '15q47bw5']"
2552,"['m13ndhaz', 'tmp6yxlv', '0kqlxx26', 'ldyumgm9', '721ofhsv']"
2558,"['4socpj73', 'dljqpvyk', 'jpby8m6r', 'tn8houmc', 'qexarxjl']"
2559,"['pg69ww3a', '4d6az41t', 't3b2adct', 'pf2wsny3', '8vnsrvws']"
2561,"['fqdu9uo0', 'oc9k32zx', '2cv0vuin', 'qh59uqx4', '0sac2vic']"
2588,"['43eh69dx', '24t0lunz', 'k4ttbbix', '1pplybpr', 'moplus2n']"
2591,"['4p6fcy8f', 'pc2cnhjd', 'jgq968f6', 'hqapg5ow', 'm26sn2qg']"
2594,"['mhbwjwrg', 'ya18okpb', 'h65g7bf2', '8d6vcqr3', 'xqcs4j0g']"
2599,"['hitaptnp', 'n5ogyxz7', 'ccy8gf0k', '0r46eacc', 'rhgl6vss']"
2639,"['01h205jf', 'v1egyqt4', '81pr5etw', 'bdxzphjb', '1crb3kcu']"
2646,"['qdw86v8i', '2tre0wat', 'ihler8r0', '9b6cepf4', 'f96qs295']"
2659,"['jhge9qy5', 'nx9hi7lf', '1iqfm496', 'eohd0jjy', 'jgcv1wf3']"
2679,"['cd7cfpx3', 'cb3u1s7s', '7e0x1525', 'b4mjo92p', '6qwj922f']"
2681,"['l16a5nq7', 'h87bv6gd', 'ym5my5st', 'ofw7lnr5', 'omk29wlq']"
2686,"['30pl5tx3', '9b6cepf4', 'wzqdo1st', '2bpyvgv7', 'qdw86v8i']"
2694,"['f96qs295', 'qi1henyy', 'nv1w6juh', '763v4duh', '9b6cepf4']"
2695,"['db8fl9d2', 'u8mu4yga', '9b6cepf4', 'opjfy3xr', 'f96qs295']"
2698,"['i8jv5iqo', 'bqn29m9k', 't46giw1h', 'yrq57wgs', 'icse3cz8']"
2719,"['o8nf7nd0', 'ivug325f', 'w50gorzr', 'upf0ecx7', '4742ozfb']"
2733,"['c6lilxk3', 'snk26ii3', 'p9fhtjen', '9sh9mk6p', 'jdo7afuh']"
2740,"['3zdv9zim', 'dnm7s947', 'fe14iohb', 'whloioyi', 'lbxg93hl']"
2745,"['85tgrqab', 'ekgqdjlk', '9oxajwkk', 'n5c0hcwn', 'cvxni7cd']"
2773,"['94k9cai0', 'ee8bzn2l', '2firaix6', '0yr25cxn', 'feecx1ig']"
2787,"['t0iw2vod', 'w1bx4a7v', 'jjh1z5c6', '0mwz8kwo', 'f96qs295']"
2796,"['5vodag6c', 'vrs88dcy', 'opjfy3xr', 'w3d33mq0', 'l2i3aa3k']"
2801,"['geo7ac5i', 'x44oc1k6', 'roi3lta6', '58r5wcwd', 'tlr243il']"
2814,"['rm6av6sj', 'y2bsx8p2', 'vpoqfm7d', 'c3a85ld0', 'uaccs7k9']"
2825,"['7kxi7px1', 'a66sszp2', 'eflwztji', 'uru7bkr4', 'yztfkwkc']"
2827,"['ajmelb8a', 'lgnhlxgd', 'y7lrp0gc', '8jejswuk', '0lk8eujq']"
2850,"['c6lilxk3', 'xi20pdvy', 'hruge79z', 'nrc35akc', 'zkgfuub2']"
2859,"['v85v5o51', 'g4pd6g4j', 'w7smahni', 'moplus2n', '5j1pce5e']"
2861,"['ec3pmvih', '43alju3x', 'wiei5dpt', '5nv3ec5l', 'nxihvig3']"
2865,"['u6a65x9h', 'hbkl5cam', 'hm332jqo', '9miesbf1', '7b7on38r']"
2874,"['tzp03hmr', 'ec13mu0q', 'u6a65x9h', 'imheos0p', 'kr4sr1ae']"
2897,"['rm6av6sj', 'y2bsx8p2', 'uv5jctnd', '5fg1keua', '40hd9tg2']"
2912,"['6o7q57xl', 'g9com45e', '43z85jsb', '2bfxfl0v', 'ix48o00j']"
2932,"['24yfnzq2', 'zew4tzy7', 'nle4axad', 't5k8o6sb', 'r5iu5nr1']"
2934,"['g9btjkcn', '0w7robfb', '5iwgutxo', 'zbgn4jct', '5a5a8ifz']"
2937,"['sb9ckivs', '0e5gqepz', 'j2oo4hoo', '0x3uihto', 'roev0cye']"
2942,"['flxbomsx', 'svxbesi4', 'd0nj3fsa', '3jgm3uhs', 'tk7eturq']"
2947,"['t0iw2vod', 'wq92nfnd', 'dt2pew66', 'opjfy3xr', 'y43prnko']"
2963,"['eczga3ur', 'ksveiiid', 'ta3zlz4z', '8llmriik', 'b36vq2pj']"
2966,"['o1xsjx2p', 'ihler8r0', 'o8aosx2q', '3nxmw97e', 'xyuj1j57']"
2980,"['s1ypdhzv', '811lov8f', '29opurlw', 'oe7fzahb', 'a68y6qsf']"
2986,"['ey0r1py7', '9b6cepf4', 'w1bx4a7v', 'wzqdo1st', '30pl5tx3']"
2995,"['222ci300', '23gax7wp', 'jw6kh8os', '9wx4ltyd', 'ulwirxeu']"
3000,"['1s8jzzwg', 't0iw2vod', 'w1bx4a7v', 'wq92nfnd', 'ropgq7tr']"
3001,"['e4xw6gyp', 'u3832seg', '0i12e4tn', 'uuxo3jk9', 'l4ahii9e']"
3023,"['plgip4h6', 'm1d8znrs', 'nzat41wu', '65efipbi', 'lzwgyzdp']"
3024,"['vvuaegse', '9wn91fj2', 'fm8koqjd', '85tgrqab', 'lf9i6x2i']"
3040,"['5tdmh0ac', 's1dert6n', 'z8ajje2l', 'pc04eb8e', '1nmzo9at']"
3054,"['hw4plghg', 'g3uiyy6t', 'vaesa8nh', 'r6k0x9ei', 'wxc5g9l2']"
3059,"['zpavu0eh', 'uxxrljse', 'mlozjg9h', '6x8xp62f', '9gnqfmbq']"
3060,"['xli7wyg4', 'gc9eg5j3', 'xjizvgp9', 'n2ih64pz', '3swdnn29']"
3066,"['8w2t6u96', 'd7tensxh', 'dica9bqx', 'o8lasxcb', 'msb6wgnv']"
3071,"['84sgz59h', 'q5veu992', 'hduwjbtq', '6mfd3n4s', 'ho6qjkyr']"
3081,"['fgdzfr39', '7hh0pffh', 'x924tb4t', 'e5nbe3r0', 'ruegzkoo']"
3114,"['2q87yv17', 'pv7tgwcg', 'b35rzdga', 'bdlhd5i1', 'sw5f7jgr']"
3116,"['s6zoqu8a', 'lg6qorv0', 'ftq6ed38', '38paoyuc', '9iomlhpv']"
3122,"['vbe9ptjq', 'wqtemjy3', 'mobl9jp5', 'v7udqoi0', 'bo6kbb6k']"
3129,"['t97pdl4u', 'olv2kuwx', 'wqmscp6l', '8dobncuw', 'cyfdvgvy']"
3135,"['td3drkgw', 'ivug325f', 'o8nf7nd0', 'ocfqb3a2', 'upf0ecx7']"
3145,"['snsjrjx3', 'qwax5tg9', 'scw4p9wq', 'o61dn71v', '4fgeb27a']"
3163,"['gbf8beq4', 'urj0nssb', 'ofbnzo6n', '23n5r8qj', '089b1z4b']"
3169,"['fqdu9uo0', 'oc9k32zx', 'uc0qkegm', '304aayyq', '6cex9gid']"
3180,"['tvhn7lnu', 'wt471v5k', 'dpws8p4y', 'fo815n5l', 'bh8zshy9']"
3199,"['bh8zshy9', 'j4p46aiv', 'tvhn7lnu', 'tn8houmc', 'wt471v5k']"
3221,"['k1n00gir', 'p9qeaedh', 'ypxur24q', '8w2t6u96', 'mnl8sr1b']"
3245,"['l346qqwp', 'oywhabcd', 'pg50i2ql', '7gj2cl8r', 'qxhujttt']"
3268,"['tk7eturq', 'd0tg9i90', 'cpeizrdb', 'fcb8egak', '7axo7k51']"
3269,"['atd6bg76', 'kk5adtim', 'ut4d68ti', 'tnwafdr0', 'rcaxap24']"
3275,"['y047cuxp', 'fq9wx29o', 'lpar7tc8', 'r0taoqsw', 'o8lasxcb']"
3277,"['6hkqe14l', 'ijoyk390', '6k0nhmg9', 'n6d6ebhm', '85tgrqab']"
3282,"['vdfnrh9k', 'k4k3kcrh', '70nbsrl4', '01c1hxav', 'yji3hwf3']"
3297,"['li8kvzdh', 'e7uvbra5', '1k0xqhda', '121p2shq', '6pn9jwfn']"
3298,"['407va85q', '7esjlc7i', '2l883zhe', 'aakzdkcj', 'fub50lvt']"
3300,"['7th3d6wk', 'aakzdkcj', 'dqhdws5k', 'nvbt5gxl', 'vrjibtfi']"
3319,"['2f09vauy', 'uo3ww8j4', 'ljpeq5aw', '4d6az41t', 'soybk2i2']"
3330,"['pavd7sj3', 'r6943zpb', 'aizquh16', 'zbkx78mm', 'md0drb25']"
3334,"['ueid1mma', '2veblo5v', '9nostuqg', 't5p6z0wv', '4bta1y3u']"
3347,"['40vsmpfv', 'aj64338q', '2xl0gp1o', 'vnb7g17n', 'vpih1wvs']"
3349,"['cfd1x420', 'r1m709hb', 'k2zrdjyo', 'uqeikj0m', 'b4161ynv']"
3350,"['41yfx1ev', 'i3iy8ax9', '4mjg7jul', '039k70vs', 'tij7lakb']"
3355,"['aakzdkcj', '7th3d6wk', 'qeqd4soe', 'iu5ndsxn', 'ax3e82js']"
3358,"['krg8jvfz', 'jfvq2gfx', '5iudn4kq', 'klmhhvtc', 'eywnnzxe']"
3364,"['28lojtvu', 'jiunpwz9', 'lvydhfej', 'ax3e82js', '0r580il2']"
3370,"['jrqlhjsm', '3qvh482o', 'styavbvi', 'rthsl7a9', '5hxsagx6']"
3430,"['df65w0lx', '91gytlg2', 'b8ipstv2', 'fmgj3noh', 'fe456in0']"
3450,"['d4eae8g3', 'cwdtyr1v', '5m23wtpi', '6cx33se3', 'ereh4ub8']"
3451,"['0n51j2jo', 'r0taoqsw', 'lpar7tc8', '9zco6ofx', 'd2s3170w']"
3459,"['45r6aieu', '9jqafpkp', 'vdejfuuy', '7cf9oo41', 'zueghgx5']"
3463,"['kr4sr1ae', 'ubvdzjkw', 'hmjaz4kc', '4rzttwyp', '3f0pgo4z']"
3476,"['yink1e6b', '1lggbkly', 'lvbutmio', 'ic2h01gm', 'pf45ex8k']"
3481,"['tra5ewc5', 'db8fl9d2', 'rpwmcqbg', 'f96qs295', 'jjh1z5c6']"
3485,"['k0f4cwig', 'sv48gjkk', '8j3bb6zx', '6qkjwsst', 'ffwdsnx7']"
3486,"['zpxnr9s9', 'na3c21pf', '1z0q5oxo', 'dx53hxej', 'w1azm2mc']"
3491,"['mlozjg9h', 'fjzhe9tp', 'ghssymgb', '3xpfjy1z', 'jj2u35z4']"
3502,"['eml8uilb', 'kmuwb9ia', 'z3msyl45', 'zmc0kl4r', 'cy8vyb6j']"
3503,"['3u3i5myh', 'eywnnzxe', 'di4p48ax', 'a0dvzhc8', 'w45ih46q']"
3507,"['ouno4jpl', 'ngywgodg', 'bw6a5gmy', 'asygd3yx', '6e444g2z']"
3508,"['ijoyk390', '92tvskxw', 'y5b7g8v3', '6hkqe14l', 'wjktna81']"
3509,"['1qwq3jme', '9f7k0q1h', '167f4gyg', 'mom4y7cl', 'b36vq2pj']"
3511,"['ngbnnpni', 'frr4vu0w', '4hmecfi0', 'rytw6rfd', 'wh3k3u28']"
3518,"['wjktna81', '9kk8pevp', 'ijoyk390', '1ef8ac5c', 'g15tvzn4']"
3529,"['uv5jctnd', 'yk872yaz', '5rpd8d0t', '40hd9tg2', 'x64zft78']"
3549,"['75cnqi4v', 'ulfz0b15', '7iuls8x1', 'zq4ty9rw', 'h4sbz3md']"
3551,"['9x5k7we8', '7j4i6eud', 'ewbtb3yc', 'm1tv7mgm', 'eksi9yia']"
3566,"['qqdcs77q', 'mi6bdisx', '7obhnmah', '5vx2ylui', 'e8az2cw3']"
3568,"['8oi7ptfj', 'mgwx0u6x', '80xhhcpm', 'x0cs571f', 'mi6bdisx']"
3570,"['mi6bdisx', 'iw3wv973', '7obhnmah', 'd44561hh', 'oa81rhdb']"
3573,"['frr4vu0w', '4hmecfi0', '6rpm4phy', 'h13p6ogs', 'mu2vqjnv']"
3603,"['xpqfpizp', 'iwd8nkls', 'gmp22v65', 'w7xaleep', 'w3q41awj']"
3617,"['dsfbmhbj', '7a7oi5dt', '855atuue', 'gepjgw23', '2e2s1gof']"
3626,"['30pl5tx3', 'zycgczqy', 'iu1d9i57', 't0iw2vod', 'umvrwgaw']"
3647,"['ec3pmvih', '5nv3ec5l', 'nxihvig3', '2bupc5jh', 'vqswp96l']"
3660,"['saxtdqvh', 'zcvumy78', 'gin90aef', 'o4ri7t16', '4r96f92d']"
3719,"['xld7ztx5', 'nli8ccyv', 'dyrn6z9a', 'imte5ong', 'j8d47de9']"
3732,"['ax3e82js', '0r580il2', 'aakzdkcj', 'fien6nra', 'r76tqrwz']"
3733,"['ax3e82js', '0r580il2', 'r76tqrwz', 'o1xkgkn1', 'jiunpwz9']"
3734,"['b8mx2wrg', 'zy48nad1', '2kft1r3l', 'sybr04qy', '5yi8lm2e']"
3735,"['u0vhs2d7', 'ijlgjdep', 'ng9o0svz', 't4custhp', 'ghssymgb']"
3737,"['9b6cepf4', '2tre0wat', '763v4duh', '30pl5tx3', 'qdw86v8i']"
3761,"['jz3gnise', 'ijlgjdep', 't4custhp', 'sbjwaj3y', 'apg2n9sg']"
3764,"['sljh3o2k', 'a2m0wswj', 'rcsohu4m', '0q79jqbo', 'sdumu9yd']"
3798,"['7xt894vr', '9x9toshx', 's7wykoze', '6k0nhmg9', '998a0aoc']"
3801,"['7xt894vr', 's7wykoze', '9x9toshx', '6k0nhmg9', '998a0aoc']"
3804,"['tgrh7ap4', 'xmqdk2wz', 'ho6qjkyr', '1y79i676', 'q5veu992']"
3808,"['ncfvllzi', 'p94qntyb', 'ikon1ktb', 'dkderykk', 'y0mbzzx0']"
3838,"['s9lkvzpo', 'pta8enbu', 'pgek4scy', 'mu2vqjnv', 'b36vq2pj']"
3843,"['y74qhqw7', 'fyy42zaf', 'w7smahni', 'xn2zi1uq', 'ipblyab0']"
3844,"['4ohgr8j7', 'ca1v4k3h', '2firaix6', 'hg1q14gw', 'tv014ubp']"
3857,"['2damkjcs', 'h7f3bkc2', 'bdxzphjb', 'cht8xf0x', 'cmx0rkvl']"
3874,"['d3fpqczo', 'e4xw6gyp', 'vw9jd88a', '3o91v72a', '6lsgwvsv']"
3882,"['pvshw2pn', 'fbcu88lv', '9pn62o4p', 'cfd1x420', '6mzqk12f']"
3906,"['d2s3170w', 'lpar7tc8', 'eq5qqshb', 'kayh0v56', 'rr87vhd0']"
3908,"['d2s3170w', 'rr87vhd0', 'o8lasxcb', 'w3d33mq0', 'lpar7tc8']"
3914,"['asphtor7', 'axxo94cr', 'uhs1nz2s', '66fi7e69', 'wnpmwne1']"
3920,"['s7v66pvg', '3v240tcz', 'yw8a1ssd', 'yb6lmv1a', '7vh7d3p4']"
3926,"['b70zywkw', 'i0swl50w', 'k1adcls8', 'svgguadm', '1kubts7j']"
3941,"['furicopj', 'n4ildbuc', 'coh92gm3', '8xvqq5eh', 'x220pjeg']"
3942,"['c3wkwn0u', '1umbwskb', '3bo4md44', '50dmclk4', 'ozbmgd70']"
3944,"['qfq1nfcn', 'wi1slkpf', 'xnrp2tpd', '7qpwux9w', '3jrb0sn8']"
3963,"['lbxg93hl', 'zowgwnjq', '6x3qopgt', 'iepagac8', '5x6xjuew']"
3995,"['91gytlg2', 'ijoyk390', 'jveh2w09', '8hkxbxz9', '6cx33se3']"
3998,"['vy21fxfd', 'nzfpgxa0', 'xi20pdvy', '0d6sa9pe', 'vqswp96l']"
4005,"['fcb8egak', 'uuy94dwa', 'rv26qfmf', 'dntzzcue', 'dytcppg2']"
4016,"['65efipbi', '6hl6rtsh', '121p2shq', 'e7uvbra5', '2f09vauy']"
4020,"['dnm7s947', '6x3qopgt', 'lbxg93hl', 's82tyeis', 'whloioyi']"
4055,"['rc6cza9r', 'p8ckcvyj', '7lli72ph', '58mdhe5v', '0vwspd6l']"
4066,"['hfaiddki', '00ugdhvf', 'jtaq9p6r', 'zbr3kfv2', 'geo7ac5i']"
4073,"['49ejyfie', 'hxyn84jt', 'v4dbkyjh', 'c6lilxk3', 'cixdw87l']"
4075,"['v5beddu4', 'k36t200n', '9ixpj162', '9e6g15iw', '0d121e1c']"
4077,"['v5beddu4', '9e6g15iw', 'b4mjo92p', 'irx4pcsx', 'k36t200n']"
4081,"['66obkrxp', 'y0wu60n4', '0jvoa3ui', 'j05hs577', '5d1131zt']"
4093,"['v5beddu4', 'k36t200n', 'b4mjo92p', '9e6g15iw', 'l63d9lyd']"
4099,"['t7xaqtgo', 'yt2fp8zl', 'cq5z8lqu', '6a1fl65b', 'd1w8xqvo']"
4153,"['i0wbfhu0', 'est5jx7g', 't2gxkxxd', '9nostuqg', 'yx0u0iyw']"
4169,"['rm6av6sj', 'y2bsx8p2', '18b6ikq3', 'vpoqfm7d', 'qub1i1bl']"
4177,"['07a30kd9', 'xyyhup28', '0vhy44iq', 'n9fddzn8', 'vbayngh0']"
4186,"['3x6u95w5', 's2e56ety', '5ckds66x', 'ftt4diu4', 'h4kc04w0']"
4189,"['ax3e82js', '0r580il2', 'r76tqrwz', 'vrjibtfi', 'jiunpwz9']"
4197,"['urj0nssb', '039k70vs', 'ofbnzo6n', 'kjr6dcqv', '41yfx1ev']"
4199,"['io8mozoe', 'kczhrxxd', 'rnilge14', 'xi20pdvy', 'btao9cun']"
4205,"['eomtjrgc', 'fo815n5l', 'zcwh1892', '18swtk61', 'whh34bjb']"
4218,"['w1bx4a7v', 'opjfy3xr', 'd3fpqczo', 't0iw2vod', 'wq92nfnd']"
4220,"['3c1fujrd', 'psk1lnff', '8796x4ne', '9nostuqg', 'i88ccp9w']"
4224,"['qeqd4soe', 'roe6g61u', 'hcw0cisk', '0qy6hcgp', 'aakzdkcj']"
4230,"['5f5npz07', '04n7uz4s', 'lyhdeks1', 'koybwabx', 'pv7tgwcg']"
4241,"['8xvqq5eh', 'cs2mgj70', 'xi20pdvy', 'kupt3km8', 'zouscolw']"
4254,"['lsojoa7c', '1nk1t5qs', '2bpyvgv7', 'jhge9qy5', 'f96qs295']"
4270,"['53v1olqq', 'bzn7wd36', '4vq9ljlg', 'uazqkay9', 'r5eve0bl']"
4271,"['zmc0kl4r', '24u6q3ae', 'bw6a5gmy', 'kr4sr1ae', 'ouno4jpl']"
4276,"['w3ls1d7w', 'fj6l76hq', 'eyxag4xd', '0cnjtxyq', 'w1bx4a7v']"
4294,"['bre2ijbb', 'k5jkntul', 'dblqryhy', '0z7ey1nm', '5t16srpn']"
4299,"['e0pz0z4j', 'utak6i4e', 's01g5wxg', 'ukbhlaaa', 'bh8zshy9']"
4303,"['7o7v0ewg', 'a9prti0f', '21qgukm1', 'pfbgojxr', 'x9lxyrgw']"
4312,"['ixvsemvw', 'pspko62f', 'ipdrujuv', 'pmcvhg2i', 'ris1h7o2']"
4314,"['leqluxpl', '5u63aqo5', '2a12nsnl', 'h3tor88n', 'n4ildbuc']"
4335,"['zmkvs7e7', 'dnm7s947', 'z33cg3nj', 's82tyeis', 'wtenvb27']"
4349,"['5upb25gt', 'xwghd9ut', 'eflwztji', 'txnegebz', '16lhzusy']"
4376,"['mjb3ip7a', 'a40yhtqk', 'ax3e82js', 'bzeqs5oh', 'cq5z8lqu']"
4382,"['opogstc5', 'v1ei9im8', 'g4k0ksr8', 'iyf3m4fs', '6uli512b']"
4388,"['6hl6rtsh', '4mat0psy', '121p2shq', 'vmmztj0a', 'q1mq5f2t']"
4392,"['iiafud87', 'hb3wcm04', 'm45teajz', 'wjktna81', 'k8xp61uu']"
4411,"['30pl5tx3', 'qi1henyy', 'l4y7v729', 'w1bx4a7v', 't0iw2vod']"
4418,"['5sfojk7y', '10dkpj5h', '3xvphg52', 'gkf3wez8', '42i1i6br']"
4423,"['9b6cepf4', 'qdw86v8i', '5z0xwlxp', 'gtwg0m54', '763v4duh']"
4449,"['4vjpu9t1', 'k8vjv3zy', 'fmgj3noh', 'ximw03ej', 'm1d8znrs']"
4456,"['65efipbi', 'e7uvbra5', 'f97doeoj', '121p2shq', 't0iw2vod']"
4459,"['jfvq2gfx', '5iudn4kq', '25bdifv6', 'apfimvix', 'fup55b95']"
4460,"['li8kvzdh', '59u9ezr2', 'ftxgcgkb', '121p2shq', 'p36ilfqj']"
4478,"['7d6snq1v', 'j4p46aiv', 'ihler8r0', 'o1xsjx2p', 'gjsrfmj4']"
4480,"['kkbkh4yi', 'mim419b8', 'tx2krngu', 'ms7hst7z', '4jri92pu']"
4496,"['8bjfoa9g', 'sijfzd2o', 'y14lw5b2', 'unl3n0tn', '9v6f2274']"
4497,"['ofbnzo6n', '039k70vs', 'cwekmw1a', 'gc9eg5j3', 'tij7lakb']"
4498,"['gg5c8v7d', 'o8nf7nd0', 'z2jtzsl6', 'md0drb25', '4kfbs7j4']"
4506,"['bf42staf', 'hnsv4ov0', 'qh7biax3', 'd8x3b9a3', 'wdn5skh2']"
4510,"['mu2vqjnv', 'iez1j9jn', 'cj82xu0w', 'nvphu1fm', 'vp78d808']"
4514,"['mom4y7cl', 'd7024aia', 'rytw6rfd', 'iez1j9jn', 'z94skip6']"
4529,"['v4ubd1l6', 'ez1l3m4o', 'si5mxgrk', 'b8c309hj', 'mom4y7cl']"
4541,"['6ulvk9hv', 'oh23px9c', 'ls408b2b', 'm1d8znrs', '5s1uj2qi']"
4544,"['3b63v8ja', 'q41elfwt', 'p297b5oh', '5i35zdmv', '4ercv3oy']"
4561,"['w1bx4a7v', 'ropgq7tr', 'x9sfgtim', '1s8jzzwg', 't0iw2vod']"
4584,"['g17lp8ch', 't0iw2vod', 'w1bx4a7v', 'ropgq7tr', 'x9sfgtim']"
4586,"['9b6cepf4', 'qdw86v8i', '2tre0wat', '763v4duh', '2fokjcjr']"
4595,"['h1sura49', 'nxabdur3', 'lt7qsxxh', 'pq85mvab', '9avmlz30']"
4610,"['6wpyxcuy', 'uc316ncl', 'hhy9g1yf', 'd0lulco7', 'cd81i918']"
4626,"['65efipbi', 'xsqgrd5l', 'eflwztji', 'txnegebz', 'wq92nfnd']"
4640,"['tmdsyzyt', '0yr25cxn', '80kxz7yr', '7xwj5pgc', 'ndhhy1xt']"
4670,"['1gv3t5t0', 'asygd3yx', '86auifl6', 'a0rvtsog', 'ickqi7iw']"
4676,"['k457kqlo', 'h9nzxlaf', 'r5v2gi3v', 'o1xsjx2p', 'ihler8r0']"
4696,"['8oi7ptfj', 'mu2vqjnv', '8t4rnfyu', 'g0g84bqy', '1epgt2u0']"
4697,"['1s8jzzwg', 'wq92nfnd', 't0iw2vod', 'f96qs295', 'opjfy3xr']"
4706,"['1epgt2u0', 'g0g84bqy', 'mgwx0u6x', '8t4rnfyu', '6a6tyvtz']"
4707,"['8oi7ptfj', 'mgwx0u6x', '1epgt2u0', '5vx2ylui', 'vwrhypnl']"
4708,"['8iqs6jko', 'g57r3son', 'bmmdygbs', 'sxi0tpsf', 'fj6l76hq']"
4709,"['8oi7ptfj', 'mgwx0u6x', '7obhnmah', 'hjdt44rc', 'y203109o']"
4717,"['rr87vhd0', 'y047cuxp', 'o8lasxcb', 'w3d33mq0', 'fq9wx29o']"
4720,"['5hei9fac', 'tplp90or', 'c2mpraux', 'ljt9rn8z', 'l6lhmb4j']"
4724,"['lf6fprh0', '0u14wypb', 'gcsew8u3', 'rr0v0ju1', 'evf9nz05']"
4726,"['dmrtj9xl', 's4l216x9', 'yt7xnkaf', '9s63qogv', '03z4u9v4']"
4730,"['jr92ou2e', 'b9nsh19x', '5rdsn2mn', 'y7v9zc6w', 'ca9uxrtc']"
4767,"['f96qs295', 'qi1henyy', 'gtwg0m54', 'l4y7v729', 'w1bx4a7v']"
4772,"['nq7yzfhi', 'c6w7eucp', 'i5vlkqvr', 'ocfqb3a2', '408m4t00']"
4782,"['w1bx4a7v', 't0iw2vod', 'z86g8dzs', '0mwz8kwo', '726t123x']"
4785,"['n4qil86v', '8l5i1z27', '5zhjn3u2', 'gcecgi3n', 'wslsqytj']"
4804,"['90323yzn', '53v1olqq', 'hfhjjwbl', '0y2kq6zg', '34tqy9tb']"
4809,"['mi6bdisx', '3cr97dii', 'ttpbs13r', 'b0wy5zz4', 'hws1e4tv']"
4814,"['726t123x', '5c8im9ci', 'vndj6f7w', 'w3d33mq0', 'b9nqcbf7']"
4822,"['16lhzusy', 'hngra91q', 'xwghd9ut', '65efipbi', '73b58lcm']"
4853,"['w3ls1d7w', 'fj6l76hq', 'umvrwgaw', 'iu1d9i57', 'w1bx4a7v']"
4884,"['ckswlo9o', 'vx1hjh26', '8xgp6nhy', 'ub3kjqkv', '9mmdtgc2']"
4894,"['9n7bkayx', 'ypls4zau', 'mlo8zypy', 'm89wmmxd', '4hdj6mtf']"
4901,"['szekvw7e', '82afil03', 'tx2dwo04', 'wqicq5ry', 'r0nmq9ne']"
4928,"['pcekcvwr', 'ahpkmffy', 'jo0m0w68', '87fruomm', '5jlohhmv']"
4955,"['kl2766oe', 'ch4ouyvj', 'etfweo49', 'gwkn5il0', 'a4sh1rz9']"
4962,"['po32j519', 'isk5cu0k', 'lvvw1npq', 'yx0u0iyw', 'nzy970he']"
5001,"['v5vwypya', 'b8c309hj', 'mlrq0rjf', 'b2oi45ei', 'ez1l3m4o']"
5004,"['7qpwux9w', 'qfq1nfcn', 'xnrp2tpd', '3jrb0sn8', '5m23wtpi']"
5008,"['wt471v5k', 'di4p48ax', '1peg3502', 'qkg8fwbp', 'fpexa30s']"
5020,"['1v8xf5uy', 't2gxkxxd', 'hfaiddki', 'soz9p0yd', '2jdlavwj']"
5022,"['9s9ctu9i', '90323yzn', 'mj9xc5fv', 'o0m20894', 'wdw0a2kl']"
5039,"['0zjpvzof', 'dksw5yzp', '1lz5xobh', 'g6i3x433', 'mxg2q1vd']"
5048,"['mkgszhkk', 'w1bx4a7v', '1s8jzzwg', 'fj6l76hq', 'a0q61mpi']"
5055,"['w45ih46q', 'e4xw6gyp', 'mcw3ir3a', '7d6snq1v', 'tn8houmc']"
5069,"['bh8zshy9', 'utak6i4e', 'j4p46aiv', 'wt471v5k', '1hlqov6m']"
5082,"['nv1w6juh', '30pl5tx3', '9b6cepf4', 'qi1henyy', '5vodag6c']"
5084,"['od5nnxvg', '3fiqpart', 'fxvro3wl', 'ykxr9q1j', 'h6dsjkvz']"
5090,"['xmqdk2wz', 'ho6qjkyr', 'tgrh7ap4', 'x7qlnugx', 'hduwjbtq']"
5097,"['hduwjbtq', 'c6lilxk3', 'fi7a0qvj', '59xux3di', '9nostuqg']"
5098,"['zycgczqy', 'w1bx4a7v', 'ktjhr028', 'w3ls1d7w', 'xtraspw2']"
5101,"['khymg0zr', 'z81x8sh4', 'd3pxk5tr', 'vf1vku8s', '3fiqpart']"
5107,"['db8fl9d2', 'zl4ixyg1', 'u8mu4yga', 'w1bx4a7v', 'ximw03ej']"
5109,"['ickzzm6y', 'yw81byd0', 'ps5crd29', '597wavq2', 'relolneg']"
5111,"['ihler8r0', 'ptd57hee', 'o1xsjx2p', 'n4qil86v', '7hporv6w']"
5154,"['ivy95jpw', 's0ca1r5s', 'l97yi8l9', 'aakzdkcj', 'hcw0cisk']"
5178,"['0x3uihto', 'ojw27c8o', 'uqmblefe', 'zjur5j95', 'e62t4wrn']"
5184,"['otme0vmu', '70bz9l9p', 'waujy98e', 'eumvomou', '4kfbs7j4']"
5190,"['7yias3rj', '7hvq9qaj', 'rkgrsiqf', '4rzttwyp', 'd0lulco7']"
5212,"['1mx3jrup', 'eecwjrdc', 'nvphu1fm', 'l19nsvun', 'iez1j9jn']"
5218,"['jr92ou2e', '5rdsn2mn', 'ca9uxrtc', 'b9nsh19x', 'y7v9zc6w']"
5240,"['h65g7bf2', 'bcraqemn', 'uka69z83', '4hog76lx', '60la1jr7']"
5242,"['fgdzfr39', 'm5k28kbu', 'k1adcls8', '59u9ezr2', 'b9evh1l2']"
5255,"['py2ygpzt', 'psqft1az', 'yy8mbw1a', 'toj6eqs2', 'fq9wx29o']"
5276,"['5fg1keua', '24t0lunz', '5rpd8d0t', '7yldl4ld', 'x64zft78']"
5298,"['9b6cepf4', '2bpyvgv7', '5z0xwlxp', '2tre0wat', 'wzqdo1st']"
5303,"['vwmjf326', 'a4kjk836', '04vbjlab', 'e0pbs354', 'si5mxgrk']"
5311,"['5q6cnfse', '2qwv6wzq', 'mo3y3mau', 'yaedocvp', 'rwk954dx']"
5313,"['30pl5tx3', 'uyb0of5p', 'l4y7v729', 'z1y1zgo8', '2bpyvgv7']"
5317,"['2firaix6', 'feecx1ig', 'ee8bzn2l', 'tv014ubp', 'i55203bt']"
5320,"['wr4r7jd8', '30pl5tx3', 'm1d8znrs', '65efipbi', 'gb1sk22m']"
5323,"['gtwg0m54', 'mkgszhkk', '0mwz8kwo', 'db8fl9d2', 'ropgq7tr']"
5328,"['db8fl9d2', '30pl5tx3', '844229sb', 'w1bx4a7v', 't0iw2vod']"
5333,"['82afil03', 'xi20pdvy', 'a4babgpl', '6ctrrvi9', '90323yzn']"
5366,"['9pb2eqoa', 'w3ls1d7w', '8je46886', 'u8mu4yga', '7zdi0y2s']"
5399,"['iez1j9jn', 'vo6jdb65', 'z94skip6', '0kqlxx26', 'nvphu1fm']"
5410,"['e04rm758', 'zs78ndoa', '85tgrqab', 'hl917s3u', 'dsq8exly']"
5430,"['65ois1qn', '2f09vauy', 'ljpeq5aw', 'dddrzkf6', 'hngra91q']"
5435,"['9hzbi2yi', 'ib17jyva', 'etriddkx', 'uxxrljse', 'otme0vmu']"
5441,"['t0iw2vod', 'w1bx4a7v', 'ropgq7tr', 'x9sfgtim', 'pdfl15fz']"
5446,"['6hl6rtsh', '65efipbi', '56zhxd6e', '121p2shq', '59u9ezr2']"
5455,"['4hog76lx', 'ej9qbrt8', 'egzb2nda', '34eot3zh', 'u6a65x9h']"
5460,"['qcssljgq', '7pbrnn2g', '4dyuper0', 'wizlpkrk', 'puu8wib8']"
5464,"['cd81i918', '7yias3rj', 'wv2gzahy', 'uc316ncl', '7hvq9qaj']"
5480,"['3w5ouagx', 't4y1ylb3', 'ngbnnpni', 'frr4vu0w', '3mfwweyr']"
5490,"['h7f3bkc2', '2damkjcs', 'cht8xf0x', 'bdxzphjb', '01h205jf']"
5492,"['z94skip6', 'd7024aia', 'z77wg8j9', 'mom4y7cl', 'ta3zlz4z']"
5497,"['nxabdur3', 'lt7qsxxh', '9avmlz30', 'h1sura49', 'du8wmh6n']"
5506,"['d0nj3fsa', '755ym7vl', '7pqy0ejn', 'jfj7vrz7', 'ga1fks7l']"
5512,"['518rjfnc', '2yka2luy', '6d3qvtne', 'tq1hb45f', 'dbxufi3m']"
5515,"['vqbs5ot5', 'x44oc1k6', 'e8feupei', 'kkbkh4yi', 'd19v8qca']"
5523,"['6j9x3pn5', 'zr9zx7pv', 't7bonus8', '3xzivp7d', 'bgsbbszf']"
5532,"['tk0iwpnb', '3z9ubx09', 'gufhaylj', 'utak6i4e', 'tp7wthiv']"
5535,"['dqhdws5k', 'sygm6irl', 'o1xkgkn1', 'aakzdkcj', '7esjlc7i']"
5623,"['gg5c8v7d', 'o8nf7nd0', 'zvmwubuk', '8hvve871', 'md0drb25']"
5648,"['lxzmiehr', 'glkjxl0t', 'icnjhhyy', 'yw8a1ssd', '4mp1iu55']"
5663,"['3znsneqq', 'ielatiaq', '49ejyfie', 't5p6z0wv', 'sdsmy0bw']"
5667,"['jdg8gsve', 'jw6kh8os', 's9lkvzpo', 'svxbesi4', '73b58lcm']"
5668,"['f3eogz0n', 'f2jzz41d', 'yuw7dvcn', 'fbcu88lv', '2cwvga0k']"
5671,"['vy21fxfd', 'vqswp96l', '4vkgn3yt', 'leqluxpl', '1oi0k3x6']"
5686,"['s9lkvzpo', 'qkg8fwbp', 'cj7ygzfy', 'foopvh5z', 'b36vq2pj']"
5695,"['9oejm9sc', 'vndj6f7w', 'ey0r1py7', 'fq9wx29o', 'mkl7rvr6']"
5719,"['8acldtv2', 'yj3yisum', 'sok0cyd3', 'pscw933i', '59u9ezr2']"
5748,"['844229sb', 'mkgszhkk', 'fj6l76hq', 'ropgq7tr', 'x9sfgtim']"
5762,"['bpu3hpbn', '1v7zkplv', 'qcxpmfmq', 'b9uc5gpv', 'sz5fr79q']"
5764,"['o5k6mqid', '3v8lijcn', 'iyi2fwhf', '5azti19e', 'ba9uog5m']"
5765,"['ueid1mma', 'wotf0lzx', 'n9zqc1gm', 'qpzg8lam', 'f18a3xiv']"
5811,"['g17lp8ch', 'astxi4el', 'w3ls1d7w', 't0iw2vod', 'ropgq7tr']"
5814,"['zy48nad1', '5yi8lm2e', 'pggf4wyo', 'msra1ghp', 'bwmznl61']"
5817,"['039k70vs', '41yfx1ev', 'urj0nssb', '1nqbqmum', 'geo7ac5i']"
5825,"['8qdcls1k', 'kjr6dcqv', '353wr671', 's7z1l3a9', 'tljydrnu']"
5830,"['3u3i5myh', 'k457kqlo', 'dny9rgv9', 'ijzoa0yn', 'a4klrp3h']"
5835,"['y3fagw3t', '7rujn0d3', '6hoi1u8p', 's6u194yd', '0cam9ipf']"
5847,"['eztw9tx6', 'gw1pr7fw', 'y930bpqt', 'cdltu9vs', 'oydib3p6']"
5851,"['v6qgjuas', '4iubzi36', 'lg6qorv0', 'ithv0k5k', 'qgzc1moh']"
5858,"['erygg5u2', 'l00jvzth', 'qpzg8lam', 'pf45ex8k', 'f18a3xiv']"
5887,"['yb6jk5j0', 'r99924c9', 'grm6kfx7', 'yhun6hid', 'dayqtzfq']"
5891,"['8bjfoa9g', 'g17lp8ch', 'sijfzd2o', '9v6f2274', '607lsqlg']"
5893,"['vj5ahoi2', 'oqd5ozun', 'znainceq', 'l6oe215a', 'pqvptwhe']"
5899,"['g4k0ksr8', '5azti19e', '3v8lijcn', 'r5iu5nr1', 'rll6asw2']"
5951,"['lr20prun', 'f4jx3b2q', 'lkb09vs8', 'octtj2vf', 'zew4tzy7']"
5954,"['5gq0wqej', '14xuei7l', 'zjbclhj3', 'pslc7ik3', 'o7qytdl5']"
5955,"['1s8jzzwg', 'f96qs295', 'w1bx4a7v', 'dt2pew66', 'u8mu4yga']"
5976,"['io8mozoe', '2tggadqm', '5y6gjl2t', 'f0wpsaip', '59xux3di']"
5986,"['rb20ge7e', '5jlohhmv', 't3dzso36', 'x73moqog', '7xnga86x']"
5999,"['bgiyvqgw', 'elu3dztf', 'yhmcx7ae', 'ep9moftg', 'g5uu01aa']"
6011,"['d3fpqczo', 'jqwoxfsc', 'f5d8fazm', 'b5eve7re', 'ks0zkp57']"
6013,"['bgiyvqgw', 'tlknj4hm', 'rjelshrp', 'yhmcx7ae', 'ep9moftg']"
6018,"['hxyn84jt', 'bgiyvqgw', '1omv4r30', 'ep9moftg', 'cvxni7cd']"
6030,"['2fokjcjr', '30pl5tx3', 'qi1henyy', '2bpyvgv7', 'gtwg0m54']"
6033,"['2jdlavwj', '3q36knqh', 'fxwszm22', '20nozop1', '122yi9np']"
6048,"['4kfbs7j4', 'md0drb25', 'lgtpeqhw', 'iqe6sdq2', 'yn9qcwvq']"
6050,"['t2gxkxxd', 'f0wpsaip', 'jwei2g97', 'o4vvlmr4', 'cmc02ybp']"
6051,"['9ixpj162', '9e6g15iw', 'cwdtyr1v', '15q47bw5', '0d121e1c']"
6061,"['sc40pmn4', 'jb3wc81d', '1iclw0nt', 'iseh0z9c', 'ubjd0052']"
6073,"['w3ls1d7w', 'y43prnko', '7zngkwoh', '1aqf98e0', 'fj6l76hq']"
6079,"['798ajlwl', 'kmpsg94i', 'zcmaqar2', 'edmxk1wi', 'xxu5e5t1']"
6088,"['71x3b75z', '46c98cvm', 'is9a77dk', 'byvsuvn0', 'hcn2m7v1']"
6092,"['qkg8fwbp', 'wt471v5k', '1peg3502', 'fpexa30s', 'rytalfyx']"
6104,"['f5twvg9g', '3v8lijcn', 'k6cumncp', '56uzzrh8', '1z1tces3']"
6109,"['cfbj6ize', 'xj1nw76b', '5c1e0770', 'wb1apvn2', '4wbkis5w']"
6117,"['kq0cu73r', 'd2xc1hew', '46r46ja3', 'g99myvw1', 'zq9ehv7a']"
6129,"['8je46886', '8ko7mmu3', 'w3ls1d7w', '1vcc1khg', 'gin90aef']"
6139,"['klh90lvp', 'eyhgtpe0', '71x3b75z', 'byvsuvn0', '00ugdhvf']"
6143,"['5jwuluy9', 'vnsag9fc', '1zd3hjpo', '6hoi1u8p', '0bjl60gl']"
6155,"['3cr97dii', 'b0wy5zz4', 'mi6bdisx', 'hws1e4tv', 'ttpbs13r']"
6169,"['dcli6uaq', 'gdyntyxk', '8cvjsisw', '2tu707ng', 'zweyxxg2']"
6179,"['00xnsdt9', 'ujy4i5uu', 'k2f667sc', 'tl1o1wr9', 'jn2omyez']"
6202,"['nxu1xoax', 'xnrb0byz', 'aakzdkcj', 'l97yi8l9', 's0ca1r5s']"
6204,"['sybr04qy', 'or30thq4', 'd9rd5392', '55lbj72e', 'jfjxujwj']"
6222,"['zueghgx5', '77m4rhrz', 'psrsed4b', '0emibwp3', 'dddrzkf6']"
6261,"['t7xaqtgo', 'm69ceq2t', 'cq5z8lqu', 'yt2fp8zl', 'd1w8xqvo']"
6275,"['t0l6mlm5', '6g4oclln', 'i03mrw1i', '98t617oo', '8qml9rrb']"
6276,"['ydh4ve24', 'uyo1rpx6', 'mqyu72nc', 'q9bwvh0t', 'g5sw7t8x']"
6279,"['sh9w4ipq', 'lvbutmio', '1zd3hjpo', 'pebu7w9m', 'vnsag9fc']"
6292,"['gg5c8v7d', 'md0drb25', 'ncfvllzi', 'z2jtzsl6', 'zvmwubuk']"
6294,"['xz7yzr2f', 'w3zic0on', 'y1vjka66', '0klbjvrj', '5i0m18nt']"
6296,"['nblbacmn', 'eflyypev', '6hehg1yf', 'mpe2qs0h', '6ovv79ia']"
6301,"['h2vct9h5', '9gqonmf5', 'nro623aa', '11os51qg', '69fmtury']"
6304,"['z94skip6', 'd7024aia', 'ioclf03d', 'ybcr7clp', 'z77wg8j9']"
6317,"['h4cu63cm', 'c0i45oix', 'glxt2q6f', 'spfc0fc0', '14he8n3u']"
6325,"['jpenhh92', 'ii3di3dz', 'lgnhlxgd', '0lk8eujq', 'y7lrp0gc']"
6326,"['imivfkaj', 'asj7352n', 'fz8ohqcb', 'l6rko41c', 'jj2u35z4']"
6333,"['q6ho9pdk', '925f5ucu', 'ruw45n81', 'az7f7zgr', 'c2s2lxw9']"
6341,"['u9nmqcgs', '6o7q57xl', 'tx8ypqsm', 'g9com45e', 'ix48o00j']"
6345,"['5zhjn3u2', 'mx30g5w8', 'f95ext4b', 'nt1e70dv', 'v0y734lu']"
6353,"['3o91v72a', '1wui9gwa', 't3dzso36', 'wdw0a2kl', 'ozj6zju8']"
6356,"['qeqd4soe', 'aakzdkcj', 'roe6g61u', 'hcw0cisk', '0qy6hcgp']"
6379,"['ax3e82js', 'r76tqrwz', 'o1xkgkn1', '0r580il2', 'ml27mexb']"
6394,"['lxdcelk1', '72jwlfqr', 'x84su3ki', 'd3fpqczo', 'f6vau5s6']"
6396,"['fdn6h4gi', 'oeudi6lr', 'pocvjjox', 'ja4oo96l', 'ynwc739g']"
6417,"['6ti9w1pn', 'wrkx7qyo', '2nthllnv', 'g2u1f0ly', 'vbayngh0']"
6418,"['nmh6luou', 'wxxi37v9', 'mm4kgvt1', 'c6svgwoj', '20nozop1']"
6445,"['8zufbeuz', 'bv7hvc1e', 'b5yrfllu', 'm5udbs4f', 'qgwu9fsk']"
6455,"['zp93k874', '70bz9l9p', 'fgj2lvbg', 'moe0bi1g', 'ukbhlaaa']"
6467,"['q473xazz', 'ubhv7my6', '6a6tyvtz', 'xxtgzo5e', 'l72grjbg']"
6492,"['zbkx78mm', 'z2jtzsl6', 'gg5c8v7d', 'md0drb25', '70bz9l9p']"
6525,"['47d0wl98', 'r9di7ndv', 'spo1lzyo', 'yj3yisum', 'j58f1lwa']"
6533,"['ajzl3y46', 'k87kwyox', 'ot1uz6vc', 'znainceq', 'z4ibcgea']"
6540,"['sgj526ne', '9colibhs', 'ler0t9o0', 'kzl1dx8i', 'cgl7ne0v']"
6545,"['o8aosx2q', 'mj9xc5fv', '4c7ug40v', 'e7gq365q', '78d7vub4']"
6551,"['r0pzpont', 'v0dkbn5l', 'bpiiddi7', 'mgtxchud', '86xwnpde']"
6576,"['t0iw2vod', 'vvmb92wo', 'x9sfgtim', 'ropgq7tr', 'gin90aef']"
6612,"['pi9ndj9p', '4co920gp', '039k70vs', '7f5nywod', 'sf073cmj']"
6623,"['uxxrljse', 'm72i8vtq', '8nk7pplh', 'alt4j58b', 'ncfvllzi']"
6625,"['0d6sa9pe', '1kubts7j', 'faxm9rhz', 'rzahax88', 'i0swl50w']"
6637,"['yhmcx7ae', 'e1mtdo7v', 'f15foaf2', 'bgiyvqgw', 'rnilge14']"
6681,"['w1bx4a7v', '8je46886', 'zycgczqy', 'w3ls1d7w', '1s8jzzwg']"
6685,"['db8fl9d2', 'gtwg0m54', 'opjfy3xr', 'jjh1z5c6', 'wq92nfnd']"
6707,"['8jhwamfv', '95wclabe', '6e0yre69', 'dwcu6vyp', 'cfi5zhgu']"
6720,"['3km6yfr6', 'vzdu9jwn', 'qbe538kv', '9183740p', '7c77gm20']"
6738,"['bzeqs5oh', 'hn6clwoj', '0bh8i14e', '675v58x8', 'a40yhtqk']"
6747,"['k457kqlo', 'dgng39yd', 'g0g84bqy', '4e82s91a', 'ti8hnjgc']"
6749,"['cfbj6ize', 'xj1nw76b', 'vygvs1x3', '0z7ey1nm', 'xm1000xv']"
6765,"['n1ysi7qc', '08bw0h8m', 'xs7vkm19', '8acldtv2', 'olhgu24h']"
6766,"['incbwgua', '30zb578s', 'hl917s3u', 'sqxl75qb', '58hqal2d']"
6773,"['jgq968f6', '9169o29b', 'y7s6qt6j', 'zc10b6j5', '848jmwgc']"
6774,"['9169o29b', 'olhgu24h', 'z807g8i5', 'c59vfq1o', 'y7s6qt6j']"
6778,"['dsfbmhbj', 'l57v4wnr', 'uyo1rpx6', 'ydh4ve24', '7a7oi5dt']"
6805,"['ot1uz6vc', 'ajzl3y46', 'qlejjw9s', 'qa6afon7', 'tov6uq27']"
6816,"['ml27mexb', 'iu5ndsxn', '8o2xddof', 'aakzdkcj', 'dsfbmhbj']"
6822,"['cj3cpn5j', 'b0wy5zz4', '8l5i1z27', '02p4et0u', 'z6elaxpc']"
6829,"['e4y6l4lx', '998a0aoc', '0gjzpef1', 'f18a3xiv', '1nk1t5qs']"
6833,"['8cviwmi5', 'vu1f1hp6', 'faue5ywu', 'krg8jvfz', '25bdifv6']"
6854,"['0i12e4tn', 'ah8mzt1g', 'fmgj3noh', '35nshnn2', 'ex6dyr77']"
6855,"['r9qtzdvk', '5upb25gt', 'w45ih46q', 'dpws8p4y', '5tdmh0ac']"
6858,"['9b6cepf4', '30pl5tx3', 'qdw86v8i', '2bpyvgv7', 'nv1w6juh']"
6864,"['14he8n3u', '7wsumadw', 'uohbxoeb', 'kjf63oug', '5o9bbspc']"
6866,"['u95kg3m0', 'nles7ymd', '9dnj4ppj', '8nx0ie5k', '2wco7m0c']"
6868,"['9ex61dl5', 'fpexa30s', '1peg3502', 'vge26qe9', 'sfm82h0g']"
6874,"['tx2dwo04', 'h82s5xst', '49ejyfie', 'sz072p5o', 'z1onkz6u']"
6881,"['mj9xc5fv', 'am2rrgrb', '90323yzn', 'hxyn84jt', 'unx1pv2k']"
6890,"['xwghd9ut', 'qjin5w03', '65efipbi', 'wwt7mn55', 'hngra91q']"
6896,"['w1bx4a7v', 'f96qs295', 'x9sfgtim', 'ropgq7tr', 'opjfy3xr']"
6897,"['wzqdo1st', '33wqmdnk', '9b6cepf4', '2tre0wat', '7xt894vr']"
6900,"['nzat41wu', 'm1d8znrs', 't4os33em', 'nx9hi7lf', '2fokjcjr']"
6901,"['33wqmdnk', 'ereh4ub8', '2fokjcjr', 'tunbld3v', 'k8wb51i7']"
6962,"['ax3e82js', '7th3d6wk', '0r580il2', 'r76tqrwz', 'aakzdkcj']"
6971,"['lkb09vs8', 'lr20prun', 'f4jx3b2q', 's2vckt2w', '5c8im9ci']"
6983,"['xr70oiv3', '5zt4qx4q', 'h13p6ogs', '755ym7vl', 'flxbomsx']"
6992,"['yx0u0iyw', '6mzqk12f', 'ro3k6q06', 'bzzln9kc', 'ihler8r0']"
6995,"['6frn41zd', 'hruge79z', '9lwtmn6c', 'lricvxim', 'rxx0w56j']"
7001,"['6a6tyvtz', 'k457kqlo', 'b5eve7re', 'ro3k6q06', '0o7rm667']"
7002,"['9195zweg', '6xlk1n4e', '1peg3502', 'fpexa30s', '8glhd9xe']"
7007,"['wqqt6jvk', 's01g5wxg', 'oo6ba081', 'h2u5w4a8', 'dsfbmhbj']"
7008,"['isc330rk', 'wv2gzahy', 'n0actmsc', 'dvu4mpl1', 'r7kvv48s']"
7030,"['0njpdbv5', 'sok0cyd3', '0d6sa9pe', 'e0a1t2ig', 'xcomjvaa']"
7032,"['8l5i1z27', 'cj3cpn5j', '6l3coibe', 'c9fg1ni6', 'b0wy5zz4']"
7036,"['vp78d808', '6sk97gc4', 'zjpxfd7c', 'pa81t00f', '34b511wf']"
7039,"['ihler8r0', 'n5c0hcwn', 'o1xsjx2p', '3nxmw97e', 'c4ihkcyr']"
7049,"['vrate482', '9svrz0vj', '8ko2lc1b', 'pxpghfhq', '08bw0h8m']"
7056,"['kvcx11yo', 'khkw1hhv', 'c6lilxk3', 'hpr8rt9n', '1omv4r30']"
7070,"['rb20ge7e', '5jlohhmv', 'icnbhg6e', 't3dzso36', 'ljlsvc9h']"
7109,"['4mblzyxk', '1gv3t5t0', '6aw8zrap', 'v4pkwd44', '7yocj24n']"
7113,"['suw0h7s3', 'wuojo19n', 'x3q2dgdu', 'b9jcuwu5', 'thvhvf4t']"
7130,"['uohbxoeb', 'bzeqs5oh', 'cq5z8lqu', 't7xaqtgo', 'dpws8p4y']"
7135,"['a40yhtqk', 'uohbxoeb', 'hn6clwoj', 'bzeqs5oh', 'mjb3ip7a']"
7142,"['uohbxoeb', 'bzeqs5oh', '0bh8i14e', 'a40yhtqk', 'hn6clwoj']"
7147,"['uohbxoeb', 'bzeqs5oh', 'pa000mr8', 'hn6clwoj', '675v58x8']"
7152,"['bzeqs5oh', '0bh8i14e', 'uohbxoeb', 'a40yhtqk', '675v58x8']"
7156,"['uuy94dwa', 'cj7tcpsz', 'm8yyntls', 'eje3i558', 'd8gx7xbj']"
7170,"['snk26ii3', '4vkkaqhz', 'nyvmlxqf', '6crputzl', '2rcngljf']"
7172,"['721ofhsv', 'a6nbpta2', 'm89wmmxd', '1vyfy7i0', 'maxbdi99']"
7178,"['uc316ncl', 'qd73h1ie', 'qp8jxcdl', 'zmc0kl4r', 'nc0fbytt']"
7179,"['4mjrpjit', 'si5mxgrk', '7qz1o6aa', 'cp6xu2ox', 'ez1l3m4o']"
7188,"['7f5nywod', '4co920gp', 'pi9ndj9p', '3qtxnbb2', 'lf6fprh0']"
7190,"['qeqd4soe', 'roe6g61u', 'aakzdkcj', 'hcw0cisk', '0qy6hcgp']"
7198,"['cfd1x420', '6ukt0gbn', 'um51u84w', 'uqeikj0m', 'r1m709hb']"
7199,"['n5c0hcwn', '25bdifv6', 'cfd1x420', 'i0swl50w', 'jfvq2gfx']"
7200,"['cfd1x420', 'k2zrdjyo', 'awh8y9j8', 'hqjphv5g', 'fg9cy17k']"
7205,"['vmijl5yu', 'bqgifset', '8rp0v8yo', 'z9ezgcua', '2199ydle']"
7208,"['51c22b8w', 'j6vs6izt', 's1hmhupe', 'lgnhlxgd', 't1vom8f3']"
7212,"['ixhaq0az', 'icnbhg6e', '53t1mhnb', '5jlohhmv', 't3dzso36']"
7224,"['dx2cx9lx', 'ncfvllzi', 'ksqxfx8m', 'md0drb25', 'zvmwubuk']"
7232,"['a0dvzhc8', 'ihler8r0', 'yx0u0iyw', 'ro3k6q06', 'ti8hnjgc']"
7235,"['e7uvbra5', '1k0xqhda', '6hl6rtsh', '5t4twnpm', '6pn9jwfn']"
7236,"['6ovv79ia', 'b4161ynv', '6ukt0gbn', 'cfd1x420', '6msw06fb']"
7240,"['hqjphv5g', '6ukt0gbn', 'nc60nlq7', '25bdifv6', '6msw06fb']"
7242,"['6ovv79ia', 'b4161ynv', 'cfd1x420', 'k2zrdjyo', 'um51u84w']"
7247,"['6ovv79ia', 'fq9wx29o', 'b4161ynv', 's8nx7wim', 'cfd1x420']"
7264,"['qkg8fwbp', '7yias3rj', '9x1d1kp1', '01q4pu9k', 'wkz2ammt']"
7265,"['9hzbi2yi', 'qa6afon7', 'zvmwubuk', 'uxxrljse', 'dx2cx9lx']"
7297,"['jfvq2gfx', 'krg8jvfz', 'o8lasxcb', 'gi21di4d', '25bdifv6']"
7310,"['zmk8bbcd', 'h1mo3bs8', 'kc6dls2z', 'dwcu6vyp', 'ozj6zju8']"
7328,"['78d7vub4', 'rzahax88', '1kubts7j', '5d7erbr4', '0d6sa9pe']"
7333,"['34b511wf', '6sk97gc4', 'vp78d808', 'bkiobjex', 'o86wki37']"
7346,"['dsfbmhbj', 'bh8zshy9', 'l57v4wnr', 'mqyu72nc', 'jhge9qy5']"
7347,"['xthxesgk', '1lz5xobh', 'g2bt258c', 'dsz66r4u', 'g6i3x433']"
7357,"['250glj07', 'km0yzqqq', 't5iz3vdz', 'acyexmyq', 'vwh0roww']"
7358,"['eywnnzxe', 'jhge9qy5', 'tzp03hmr', '2tax8ajw', '4gr6i8rf']"
7388,"['cj6o6ady', 'msg9j0lb', '50dmclk4', 'dsz66r4u', '909kmcwv']"
7391,"['kfn2q7wt', '0fpa1f30', '7axo7k51', 'n9fddzn8', '3qtxnbb2']"
7423,"['08xv22bc', 'x44oc1k6', 'ac9n08nx', 'oeudi6lr', 'ra28885e']"
7425,"['mx924s06', 'b0g8y96j', 'aceu86at', 'dcx6cv2q', 'dhy80rkn']"
7432,"['c2mpraux', 'ickzzm6y', '5ckds66x', 'f3v1xezr', 'hruge79z']"
7445,"['q1nye2ih', 'bnhwbaqj', 'w7gr98j9', '9sh9mk6p', '9zrcdurq']"
7448,"['bv7hvc1e', '8zufbeuz', 'm847xdzk', 's01g5wxg', 'xyuj1j57']"
7459,"['6hl6rtsh', 'e7uvbra5', '1k0xqhda', '2f09vauy', 'li8kvzdh']"
7466,"['9kk8pevp', 'qbj8n8h6', 'g15tvzn4', 'vnb7g17n', 'i3jsvtwp']"
7467,"['9195zweg', '6xlk1n4e', 'ubvdzjkw', 'dpws8p4y', 'jbmzvljk']"
7478,"['5jwuluy9', '33g2xvvr', 't5iz3vdz', 'j3b964oz', '0bjl60gl']"
7484,"['82afil03', 'x7qlnugx', '00ugdhvf', 'hkk23tqt', 'szekvw7e']"
7489,"['wkl3jyzn', 'jo724gaw', 'cpqeo65g', 'gdbr8zwr', '8qdcls1k']"
7495,"['t0iw2vod', 'g17lp8ch', 'wq92nfnd', 'vvmb92wo', 'astxi4el']"
7497,"['vj5ahoi2', 'ckorpogz', 'zcvumy78', 'sbeugobq', '8d5gl6l7']"
7498,"['iu5ndsxn', '7th3d6wk', 'r76tqrwz', 'ax3e82js', 'aakzdkcj']"
7509,"['emg87q94', 'kk47kxwf', '7fapl71l', 'qd30tmuy', 'i57f9ayv']"
7514,"['ximw03ej', 'm1d8znrs', '8d0zb0lw', 'ls408b2b', 'pxulu0hl']"
7519,"['bpu3hpbn', 'zxe95qy9', 'dcx6cv2q', 'fgdzfr39', '91gytlg2']"
7528,"['6gb1za5h', 'u5iqcw74', 'zwcbor2f', '4fzzoj14', 'gywxvzm6']"
7529,"['isk5cu0k', 'jjsr5u2i', '92qcakzi', 'j5erjttt', '5tdmh0ac']"
7530,"['70s04wty', '5tdmh0ac', '3u3i5myh', 'z6elaxpc', '05vmhjjp']"
7533,"['jwei2g97', 'hfaiddki', 'e7gq365q', 'c7ci5w56', 'bpiiddi7']"
7539,"['dsfbmhbj', 's01g5wxg', 'b9jcuwu5', 'v06kyana', 'ub3kjqkv']"
7558,"['tra5ewc5', 'gtwg0m54', 'f96qs295', '30pl5tx3', '0hbyplqq']"
7561,"['g4nceu64', 'axd0s9cg', 'cf3l8uzq', 'fo4ax1od', 'qbbwvyn9']"
7590,"['jk5tczo0', 'msut5gyc', 'y5b7g8v3', 'iu2frsec', 'v06kyana']"
7596,"['g9pwxfd2', 'rfbihylo', 'vs6ev73e', 'bsypo08l', '1ma4hp52']"
7624,"['9colibhs', 'sgj526ne', 'ler0t9o0', '5tkyir3r', 'gdbr8zwr']"
7627,"['uru7bkr4', 'nrl6jkpc', 'nq79qw82', '9mdf927z', '53zopedx']"
7628,"['srmmmyll', '1e8cy2j7', 'rvny2khn', 'atn333j9', 'fhxgzm2i']"
7629,"['ewm8j8hg', 'yyfsnthj', 'elj952zc', 'b1s3ubm1', 'ulmyc9su']"
7636,"['t0iw2vod', 'fj6l76hq', 'ropgq7tr', 'x9sfgtim', 'w1bx4a7v']"
7682,"['gha1wg4w', '0aik5i71', 'hxpqexi1', 'b0wy5zz4', 'd1p8zo23']"
7683,"['vnijpl9l', 'aceu86at', 'b0g8y96j', 'hxyn84jt', 'b3nv1vl6']"
7685,"['ex6dyr77', 'i99lqr0p', '6r79qt66', 'rfchb7ar', '7env0mf5']"
7689,"['mi6bdisx', '75cnqi4v', 'zq4ty9rw', 'f95ext4b', 'gha1wg4w']"
7701,"['4kfbs7j4', 'nfem3htm', 'z2jtzsl6', 'md0drb25', 'zbkx78mm']"
7713,"['b9uc5gpv', 'qcxpmfmq', '8796x4ne', '9nostuqg', 'ckx305ue']"
7721,"['ax3e82js', '0r580il2', 'r76tqrwz', 'o1xkgkn1', 'aakzdkcj']"
7756,"['z8ajje2l', '8l5i1z27', 'dljqpvyk', 'di4p48ax', 'su028g3j']"
7759,"['l8zfuhzk', 'wn98fql3', 'g17lp8ch', '3fiqpart', 'vvmb92wo']"
7761,"['kfohrmhl', 'heegb7pp', 'tx8ypqsm', '6g4oclln', 'syv1rrte']"
7772,"['kwqdyhn6', 'ler0t9o0', '6bgquqa1', 'lirsu408', 'leokcqqy']"
7778,"['w3ls1d7w', 'gin90aef', 'g17lp8ch', 't0iw2vod', 'pdfl15fz']"
7789,"['lpar7tc8', 'z2z0hu49', 'zew4tzy7', 'kayh0v56', 's8nx7wim']"
7801,"['z2z0hu49', 'wtxhbzr9', 'uo3ww8j4', 'lpar7tc8', 'r5iu5nr1']"
7814,"['5sx04n3x', 'vw3cuiof', 't023li1a', '1hlndwzk', 'q4q06pzc']"
7819,"['qqe331ok', 'd26v1k1y', '9pp81nw7', '4iifpqgx', 'lbrvo18o']"
7831,"['jzu70l93', 'q6svfacf', '8bjfoa9g', 'y14lw5b2', '5a0yyowv']"
7835,"['z1onkz6u', '92qcakzi', '9qbq7hwy', '7oipjzq1', 'v6jjzs7i']"
7836,"['0jvoa3ui', 'y0wu60n4', 'lsrpk3wc', '33wpjnko', '2la3hkzv']"
7867,"['6e0yre69', 'h1mo3bs8', 'aq2iz9tq', '95wclabe', 'dwcu6vyp']"
7872,"['eflwztji', 'yztfkwkc', 'txnegebz', '5upb25gt', 'svgguadm']"
7894,"['5vvyd0wx', 'hwmbbxh9', '5iwgutxo', 'vbayngh0', 'wbk363w1']"
7895,"['qfq1nfcn', 'wi1slkpf', 'xnrp2tpd', '7qpwux9w', 'y2zcwcic']"
7896,"['frr4vu0w', 'ngbnnpni', '4hmecfi0', 'wh3k3u28', 'rytw6rfd']"
7897,"['o1eecluy', 'szekvw7e', 'x7qlnugx', 'on1y4mdw', 'b0g8y96j']"
7939,"['icnjhhyy', 'yw8a1ssd', 'lxzmiehr', '6eivv0d9', '3v240tcz']"
7963,"['xii14gan', '2ehuuvnx', 'e0pz0z4j', 'f72i7wxu', '7wsumadw']"
7965,"['grx4gx95', '1lggbkly', 'qtzhfnr6', 'tmonjdrp', 'udtoutew']"
7968,"['db8fl9d2', 'gtwg0m54', 'm1d8znrs', '30pl5tx3', 'f96qs295']"
7983,"['jhge9qy5', '05vmhjjp', '4mjrpjit', 'ub3kjqkv', 't3vuwghp']"
7986,"['b870ftnq', '2d2y5gmg', '9anlwi27', 'm1d8znrs', 'o0m20894']"
7991,"['7cbxp6q5', '3p3qqrtw', 'hrfp4y2i', 'vrttjv2b', 'jty38eda']"
7994,"['rnilge14', 'kczhrxxd', '6entp07f', '8prg1goh', 'bgiyvqgw']"
8012,"['qtzhfnr6', 's19w1p2i', 'gqwwfpch', 'be4afbyo', 'il3g34k6']"
8044,"['u20e82de', 'eipscagh', 'gzacds5n', 'v72mveyu', 'wzfvqj6m']"
8046,"['54jnv4ki', 'm1d8znrs', 'nzat41wu', 't4os33em', '65efipbi']"
8047,"['v72mveyu', 'eipscagh', 'puu8wib8', 'qbbwvyn9', 'wizlpkrk']"
8055,"['e3e48idb', '5t4twnpm', '9az7i7bk', 'cy8vyb6j', '0zphhxxh']"
8069,"['lht6lhry', 'q9d54z1s', '9s9ctu9i', 'h2l70h1u', 'njivwikk']"
8070,"['2btgsuz0', '8i9xwogu', 'xpwfoal7', 'oy46vntr', 's2jop0z4']"
8095,"['astxi4el', '34y9fx51', '92ljfia5', 'rwgqkow3', '0emibwp3']"
8142,"['i94boetk', '7mcfehzc', 'qopfltoi', 'toixg0hy', 's96b0s76']"
8144,"['i94boetk', 'ip9geldg', '7mcfehzc', 'q1nye2ih', 'leg5ntvu']"
8179,"['9195zweg', 'nbdk83ok', 'fdkt6moe', 'wxor6kg3', '1peg3502']"
8191,"['ok9o9tta', 'efm6zj9r', '10l6kx3e', '1y79i676', 'hkk23tqt']"
8223,"['0ogmwreb', 'ue58uvot', '848jmwgc', 'asj7352n', '52x62y5l']"
8239,"['gkf3wez8', '10dkpj5h', '3xvphg52', '5sfojk7y', 'v72mveyu']"
8247,"['ihlkhh2d', '5q6cnfse', 'wuojo19n', '5f5npz07', 'j5erjttt']"
8249,"['ybwwmyqy', 'ouvq2wpq', 'vabb2f26', 'sxx3yid9', 'i6zofi4g']"
8250,"['0j4ind0z', 'gjustwrb', '8s7ixxvk', 'piev4id4', 'i4op2jkl']"
8270,"['56u8u50l', 'tl96mvyu', 't30yubp6', 'r9datawi', 'xi3d70kq']"
8281,"['i1ysg4l2', 'mopk56p5', 'bv1v3awh', '5frs2nhl', 'ubyplrlf']"
8293,"['jcq5omdq', 'dij3wy6q', 'd4p5r746', 'pkimbhz9', 'h400e0kk']"
8309,"['lvbutmio', 'duwr9b5b', 'g3hujz5o', 'xk6rp4e7', '4unn3fmu']"
8311,"['cq5z8lqu', 'yt2fp8zl', 't7xaqtgo', '6a1fl65b', 'm69ceq2t']"
8314,"['mjb3ip7a', 'bzeqs5oh', 'a40yhtqk', '675v58x8', 'hn6clwoj']"
8315,"['feovbv3v', 'kee1crfe', 'lxzmiehr', 'icnjhhyy', '3v240tcz']"
8316,"['jjiiutd5', 'li8kvzdh', '59u9ezr2', 'tc1exm56', 'on53pegz']"
8321,"['ba5h6uhu', 'wjktna81', 'qa2pgjvj', '6a728le9', 'ijoyk390']"
8350,"['90323yzn', '1omv4r30', 'hxyn84jt', 'h65g7bf2', 'jlqpwfwm']"
8361,"['s3o9v1fl', 'ekgqdjlk', 'hd0axs5o', 'e5nbe3r0', 'vgk1sgcp']"
8369,"['9ixpj162', 'v5beddu4', '9e6g15iw', 'b4mjo92p', '15q47bw5']"
8381,"['tf181d85', 'rh724opa', 'tbs3b4ww', 'qbhw96wv', 'ay69e8ad']"
8388,"['m4hwwhux', 'x88qugn9', 'wku1sd9k', 'trlni6iq', 'ow1n47ui']"
8392,"['039k70vs', 'urj0nssb', '4mjg7jul', 'gc9eg5j3', 'tij7lakb']"
8410,"['qibt88f7', '34y9fx51', 'sa4ms55e', '1ucs8zu1', '4jx0oq65']"
8434,"['qqdcs77q', '9nyfz7s2', '8th933g4', 'to9ixrwr', 'grmsydp0']"
8439,"['m2bmp8s8', 'eje3i558', '38d6gb7o', 'b31ctbat', 'g05z8cux']"
8440,"['td3drkgw', 'o8nf7nd0', 'dx2cx9lx', 'upf0ecx7', 'md0drb25']"
8443,"['h4cu63cm', 'c0i45oix', 'jtgpzrf9', '2ehuuvnx', 'spfc0fc0']"
8444,"['h4cu63cm', 'glxt2q6f', 'c0i45oix', 'spfc0fc0', 'jtgpzrf9']"
8446,"['h4cu63cm', 'c0i45oix', 'glxt2q6f', 'spfc0fc0', 'rpa2v44v']"
8447,"['glxt2q6f', 'spfc0fc0', 'h4cu63cm', 's01g5wxg', 'c0i45oix']"
8449,"['h4cu63cm', 'c0i45oix', '14he8n3u', 'glxt2q6f', 'uohbxoeb']"
8451,"['h4cu63cm', 'glxt2q6f', 'joy8utv1', 'c0i45oix', '8cvjsisw']"
8453,"['h4cu63cm', 'c0i45oix', 'glxt2q6f', 'iimx8nt8', '14he8n3u']"
8459,"['h4cu63cm', 'c0i45oix', 'glxt2q6f', 's01g5wxg', '14he8n3u']"
8467,"['p699a0g2', 'iimx8nt8', 'raw2mt47', 'sdij1d90', 'tdlcb9bf']"
8470,"['glxt2q6f', 'h4cu63cm', 'spfc0fc0', '14he8n3u', 's01g5wxg']"
8479,"['gv8mngz9', 'r5552ql7', 'l2xm13is', 'qeubhfbc', 'b0g8y96j']"
8483,"['iu6epm2i', '4unn3fmu', 'xk6rp4e7', 'nbqukjzv', 'kdegnr6i']"
8498,"['t0iw2vod', 'f3mvdpq1', '5upb25gt', 'z94005i4', '16lhzusy']"
8505,"['rb20ge7e', 'cwekmw1a', '1wui9gwa', '0d6sa9pe', '3o91v72a']"
8508,"['g0g84bqy', '1epgt2u0', 'mu2vqjnv', 'a3efmczu', 'mi6bdisx']"
8511,"['k457kqlo', 'ihler8r0', 'i94boetk', 'gg5c8v7d', 'hpbcwiwf']"
8516,"['suw0h7s3', 'ua7hsfma', '8dgahmka', '1nk1t5qs', '8gogju5n']"
8518,"['qv1xfrg6', 'd0s3vl2w', 'wb1apvn2', '2ccxiqea', 'fagcyea9']"
8519,"['rb20ge7e', 't3dzso36', '5jlohhmv', 'x73moqog', '3o91v72a']"
8520,"['6rpm4phy', '6ys3uogb', 'mu2vqjnv', 'b36vq2pj', '72f64kpf']"
8523,"['v4dbkyjh', '49ejyfie', 'bc8xa92n', 'cixdw87l', 'czbhddnm']"
8529,"['9oejm9sc', 'ey0r1py7', 'mkl7rvr6', 'octtj2vf', '80yu5aiv']"
8533,"['e7uvbra5', '0an1j8wk', 'ytaq8ozr', 'wnlse824', '5cno180i']"
8548,"['nr0fu2qb', 't0iw2vod', '9mn6trtn', '0emibwp3', 'iu1d9i57']"
8550,"['60en5zy7', '8g70j0qw', 'd2pzezq8', 'ip9geldg', '0y2kq6zg']"
8556,"['icnjhhyy', 'yw8a1ssd', 'feovbv3v', 'lxzmiehr', '3v240tcz']"
8587,"['h5xvrtfy', 'y42gcbj0', '657acgl4', 'n6lwnct5', 'atn333j9']"
8595,"['3jrb0sn8', 'b8ipstv2', '5c8im9ci', 'fmgj3noh', 'ex6dyr77']"
8605,"['hvy73er8', 'e6ccoc21', '0bdi3yxk', '5ngmdwgb', '7097q0r1']"
8614,"['h7vqmlq9', 'j67qgjbj', 'iy1enazk', '6cf23zfk', '3o5c0l24']"
8630,"['11bh9v5i', '4p6fcy8f', 'ikjfv4oh', 'zc10b6j5', '95e1kuux']"
8646,"['x9rv72dl', 'pebu7w9m', '33xgu2rw', '0999t5x0', 'vzdu9jwn']"
8665,"['73jex4zg', 'ckx6wxxk', '5hhbdzam', 'yremzay9', 'qh6rif48']"
8669,"['y43prnko', 'gtwg0m54', 'w3ls1d7w', 'f96qs295', 'u8mu4yga']"
8678,"['n5sei1oc', 'ybaxa1vg', 'xqcs4j0g', 'n0uy6hd2', 'mhbwjwrg']"
8679,"['vkf5njfz', '5zzlhyga', 'z94005i4', '5upb25gt', 'ga1fks7l']"
8683,"['ksqxfx8m', 'ncfvllzi', 'y0mbzzx0', 'w50gorzr', 'md0drb25']"
8685,"['hygxwl2f', 'viubj28a', 'yi2m5ukw', 'jdg8gsve', 'cvoef8qt']"
8695,"['91gytlg2', 'fmgj3noh', 'bqdvx458', '8hkxbxz9', 'rjjc30lc']"
8708,"['8pislcjr', 'o6kj5b97', 'dzkf7c7l', 'g5h4tazp', 'zouscolw']"
8715,"['nr0fu2qb', 'jjgfgqwg', 's0w95qdn', 'hnx213kp', 'f1ckv4bk']"
8717,"['t0iw2vod', '0emibwp3', 'nr0fu2qb', 'wq92nfnd', '65efipbi']"
8732,"['u3ympejy', 'wku1sd9k', 'jvo0nk3w', 'n9fddzn8', '8bi9owk4']"
8744,"['fq9wx29o', '9oejm9sc', 'mkl7rvr6', 'vndj6f7w', 'b9nqcbf7']"
8746,"['o8lasxcb', '5c8im9ci', 'ey0r1py7', 'f4jx3b2q', '80yu5aiv']"
8770,"['5upb25gt', '1k0xqhda', 'li8kvzdh', 'dccymlie', 'e7uvbra5']"
8775,"['eomtjrgc', 'zcwh1892', '18swtk61', 'e56ivoz7', '5zhjn3u2']"
8777,"['7a543f7v', 'ybcr7clp', '8l5i1z27', 'n4qil86v', '5zhjn3u2']"
8793,"['vd1lldjj', 'oa5yvpn7', 'orqulgfr', 'q4jjtw63', 'dptapovm']"
8800,"['u89jd28e', 'eo1uz3g2', 'cfd1x420', 'supf8vel', 'k2zrdjyo']"
8814,"['pm825xn1', 'kn9lna4m', 'ce9jujij', 'j3b964oz', '8ruux4sw']"
8838,"['astxi4el', 't0iw2vod', '9ezhwvv9', '3fiqpart', 'wq92nfnd']"
8840,"['l7zlby4y', '582ld85p', '7tye4psd', '7j5zmg8w', 'lnzt3h1p']"
8862,"['m8xfza1d', 'tzp03hmr', 'eg5snpzs', '6r79qt66', '73oe5as9']"
8875,"['d02grfth', 'tb8k979g', 'sgwvid9l', 'e6miaabh', '29opurlw']"
8882,"['juxgkbwv', 'dssikr5i', '8l2zo1nm', 'd60chk12', 'rtus1qyw']"
8925,"['s8nx7wim', 'dccymlie', 'nb27fn2z', '8m59whf9', '34j9n40u']"
8927,"['xwghd9ut', 'hbkl5cam', 'hm332jqo', 's8nx7wim', 'rpwmcqbg']"
8943,"['3cr97dii', 'b0wy5zz4', '1vd4j3qc', 'mi6bdisx', '6l3coibe']"
8949,"['bzeqs5oh', 'mjb3ip7a', 'd6a6nagk', 'uohbxoeb', 'hn6clwoj']"
8954,"['uohbxoeb', 'd6a6nagk', 'bzeqs5oh', 's01g5wxg', '7wsumadw']"
8961,"['bh8zshy9', 'j4p46aiv', 'v3kzly7z', 'taz8f384', 'nosh8awp']"
8963,"['bzeqs5oh', 'uohbxoeb', 'd6a6nagk', 'zdfx3zo3', '0bh8i14e']"
8974,"['3tnual3u', 'hm1n8wz2', '9gqonmf5', '85tgrqab', 'icnjhhyy']"
8978,"['5m23wtpi', '726t123x', 'e0pz0z4j', 'jhge9qy5', 'fe456in0']"
8996,"['9jfclm9c', 'irx4pcsx', '13kzv4b2', 'tvg6q8cw', 'uzry86hi']"
9000,"['5azti19e', 'lg6qorv0', 'ftq6ed38', '2f09vauy', 'eflyypev']"
9013,"['cfd1x420', 'k2zrdjyo', '6ukt0gbn', 'hqjphv5g', 'r1m709hb']"
9018,"['mwvcd5eo', '2bfxfl0v', 'cuw2sx2e', 'rpymbe64', '6gqxf34l']"
9029,"['54jnv4ki', 'f18a3xiv', 'fe456in0', 'qpzg8lam', '0gn3b98n']"
9035,"['n4ildbuc', 'a0dvzhc8', 'hhq50mrc', 'jwjualy2', 'xcomjvaa']"
9037,"['25bdifv6', 'gi21di4d', 'qlejjw9s', '4bbngq0z', 'hqjphv5g']"
9043,"['1n0qw2a5', 'lme6vcqs', 'uipe62sc', 'kkzahuz9', 'rwbciyze']"
9044,"['n4kke717', 'zu07vbc4', 'hnx43l5c', 'r4dgrxel', 'daj5g788']"
9051,"['78d7vub4', '9qbq7hwy', 'br0hhzmn', 'me4v1qyr', '0d6sa9pe']"
9059,"['j46bet38', 'hpbcwiwf', '91gytlg2', 'fe456in0', '5m23wtpi']"
9061,"['k87kwyox', 'w0e2expw', '7c77gm20', '5hirx7a1', 'elu3dztf']"
9062,"['f3eogz0n', '2cwvga0k', 'cr2cute3', '0cji7tzq', '33znyrn8']"
9064,"['fgj2lvbg', 'mg7dfs1r', '9gqonmf5', 'wjktna81', '1ef8ac5c']"
9076,"['5jjoko32', 'e5nbe3r0', 'hay91kuq', 'f37ezj1h', 'hd0axs5o']"
9103,"['kn9lna4m', 'z0ni4cyl', 'n86w4vkx', 'j3b964oz', 't5iz3vdz']"
9105,"['s6lev28f', 's7z1l3a9', 'hphb36km', 'jqwoxfsc', 'x9lxyrgw']"
9119,"['3u3i5myh', 'ckswlo9o', 'hhq50mrc', 'z6elaxpc', '8qdcls1k']"
9122,"['frr4vu0w', 'uipe62sc', '1n0qw2a5', 'pgek4scy', 'lme6vcqs']"
9128,"['3u3i5myh', 'k457kqlo', 'ijzoa0yn', 'a4klrp3h', 'ckswlo9o']"
9129,"['5tdmh0ac', 'z8ajje2l', 'nc0fbytt', '70s04wty', 'tn8houmc']"
9163,"['uyo1rpx6', 'egn81atf', 'wqqt6jvk', '3zl21avw', '52lf5gzr']"
9164,"['tgrh7ap4', 'xmqdk2wz', 'ho6qjkyr', 'qe8mxow7', 'oyplh9cn']"
9181,"['ax3e82js', '0r580il2', 'r76tqrwz', 'o1xkgkn1', 'aakzdkcj']"
9183,"['73b58lcm', '16lhzusy', '2d2y5gmg', 'od0y5ruh', 'eflwztji']"
9210,"['3qgwoblb', 'jvgq2p61', 'z94skip6', 'g4nto9kf', '39u1luqn']"
9213,"['o4ri7t16', 'dsvmh7t6', 'rog0fp93', 't1a8vnms', 'aekhd3tb']"
9218,"['tra5ewc5', '30pl5tx3', 'db8fl9d2', 'rpwmcqbg', 'ajzcx2rg']"
9222,"['tra5ewc5', 'gtwg0m54', '30pl5tx3', 'jjh1z5c6', 'rpwmcqbg']"
9243,"['vw3cuiof', 'del20ax2', '3qgwoblb', 'qqdcs77q', 'ii0ceksc']"
9257,"['aaxhrecp', '2kd89h12', 'est5jx7g', 'qa6afon7', 'n7oankiq']"
9260,"['09q2so3j', 'tvg6q8cw', '9e6g15iw', 'irx4pcsx', 'v5beddu4']"
9272,"['vtagfrds', 'piap9pr6', 'tyk4479c', 'emvkiex9', 'uuojkhn3']"
9278,"['uk6whrhz', '3p2cuxk0', 'bfmcqcq1', '0illlel7', 'kxdfnykd']"
9287,"['848jmwgc', 'asj7352n', 'tjplc5j6', 'vrate482', '80dfqjql']"
9292,"['6hnts5l2', 'wkz2ammt', '9x1d1kp1', '86auifl6', 's44gtutu']"
9300,"['0oq0xmzr', 'j0bu0upi', '8zufbeuz', 'qgwu9fsk', 'uc316ncl']"
9323,"['qibt88f7', '34y9fx51', 'lyewg2c9', '4jx0oq65', '626ch774']"
9347,"['j0uojajt', 's1hmhupe', '1vj9p7vm', 'm847xdzk', 'eyhtf6mv']"
9356,"['bu5kfsfi', 'b4dz1lnn', 'j67qgjbj', '5cno180i', 'spiud6ok']"
9359,"['dz1da2ba', '44flnf9t', 'yztfkwkc', 'o0m20894', '98t617oo']"
9371,"['axd0s9cg', 'fo4ax1od', 'cf3l8uzq', 'qbbwvyn9', '4budtw8s']"
9374,"['sc6crkkw', 'uzc6r1jr', 'xl3519jo', 'eecwjrdc', 'u3ympejy']"
9378,"['u7tqolyi', 'dz6nv7h1', 'xcomjvaa', 'm4fcw7lk', 'w04z2f0q']"
9417,"['v77n1vbf', 'xmjj1s5s', 'xbqbwh9j', 'c6svgwoj', 'ngzjvjlj']"
9418,"['ax3e82js', 'mjb3ip7a', 's01g5wxg', 'a40yhtqk', 'cq5z8lqu']"
9432,"['08z6z7d5', 'sdtr6yla', 'bqdvx458', 'bcttenl4', '34eot3zh']"
9450,"['e7gq365q', 'yx0u0iyw', 'r0nmq9ne', 'la2wvnb0', 'h0spcvjl']"
9454,"['nles7ymd', '9dnj4ppj', 'u95kg3m0', '2wco7m0c', 'iuenuigz']"
9472,"['p71adezi', '0k5687en', 'bn4rpjv0', 'vstwckpw', 'ykt09wpj']"
9481,"['barindjx', 'k11wd3qv', 'n2yardu9', 'x34ygu8i', 'nqqngrqv']"
9483,"['hnx43l5c', 'n4kke717', 'yrmeweat', 'atwx0a2s', 'daj5g788']"
9497,"['0eftiyuw', 'i4bb531h', '0xnpfdt9', '1a2jptg3', 'fb9jz93q']"
9510,"['f96qs295', 'opjfy3xr', 't0iw2vod', 'wq92nfnd', '0mwz8kwo']"
9512,"['f96qs295', 'g17lp8ch', 'jjh1z5c6', 't0iw2vod', 'w1bx4a7v']"
9517,"['ivy95jpw', 's0ca1r5s', '0qy6hcgp', 'hcw0cisk', '14alhxc3']"
9537,"['v9iq01dc', 'gy0kfhy6', '32v44sw9', '3km6yfr6', '2tu707ng']"
9546,"['j4hnitqx', 's1qnjgev', 'bgiyvqgw', 'yhmcx7ae', 'ln6t374j']"
9589,"['c59vfq1o', 'olhgu24h', 'hiw576og', 'svi7syld', 'pm3ck1gk']"
9590,"['u8mu4yga', 'db8fl9d2', 'ropgq7tr', 'x9sfgtim', 'w1bx4a7v']"
9604,"['clk482qk', 'rcrok8lr', '8vx56qlk', 'sni1e160', '7a7oi5dt']"
9608,"['zueprmdz', 'nwb7qf9l', 'c3v7rf1m', '5sx04n3x', 'ykxr9q1j']"
9614,"['soa71kwx', 'ex6dyr77', 'm1d8znrs', 'fmgj3noh', '65efipbi']"
9624,"['ba9uog5m', '3v8lijcn', 'dwgxrbag', 'on53pegz', 'soz9p0yd']"
9630,"['x4zuv4jo', '8zufbeuz', 'b5yrfllu', '5aev7ltr', 'j0bu0upi']"
9642,"['1hobsclz', 'u8ptvem7', 'het7q42t', 'hfc18le7', 'vpz3o29f']"
9656,"['o0m20894', '7auhiq44', 't0l6mlm5', 'lxqsc60e', 'tx2dwo04']"
9664,"['eia1mvaw', '1xywu83m', 'qbe538kv', 'u5e26byy', 'o25o8ejg']"
9687,"['i69uuezd', '1npav6m4', 'l2ak5ygj', 'pxpghfhq', 'esmkqtvw']"
9691,"['7097q0r1', '24ie3mhq', '0bdi3yxk', 'kayh0v56', 'zew4tzy7']"
9696,"['8t4rnfyu', 'qqdcs77q', 'pq571myy', 'dlwfu274', 'iw3wv973']"
9713,"['fm8gril1', 'cxqzo58q', 'bjjfxfei', '227l4bzl', 'd9rd5392']"
9718,"['3ees74tt', 'ne7e12nj', '0chuwvg6', 'ccxnsmia', '5zt4qx4q']"
9725,"['jr92ou2e', 'b9nsh19x', '5rdsn2mn', 'y7v9zc6w', 'ca9uxrtc']"
9741,"['8drlvdkp', 'fteydbm8', 'xwghd9ut', 'e0pz0z4j', '86qczmbt']"
9744,"['9rxv6fy9', 'x7ffgtrd', '307rt03e', 'fyzmun11', 'ewg9d4ei']"
9745,"['wcmxmahq', '0vy5yifk', 'mup5hr7e', '7aaiyppx', 'e6miaabh']"
9753,"['52lcpf0x', 'jdg8gsve', 'b4dz1lnn', 'ne7e12nj', '73b58lcm']"
9759,"['9nyfz7s2', 'grmsydp0', 'to9ixrwr', 'jmu2cfnd', '4iuxm6z2']"
9760,"['t6rxsiat', '0hbyplqq', '0r0zdpds', 't0iw2vod', 'h4fo8h90']"
9761,"['t6rxsiat', 'h4fo8h90', 'f74g59b0', '0d6sa9pe', 'yvbmbnjw']"
9768,"['89fglwvk', 'g5ftdku9', 'g5k0po72', 'zkdk2v5e', 'zspewf3p']"
9771,"['9b6cepf4', 'wzqdo1st', 'gtwg0m54', '2tre0wat', 'qdw86v8i']"
9794,"['dsfbmhbj', '7a7oi5dt', '855atuue', 'gepjgw23', 's4xintwp']"
9803,"['tra5ewc5', 'f96qs295', '30pl5tx3', '763v4duh', 'jjh1z5c6']"
9813,"['5hei9fac', 'ko8lyoob', 'wjktna81', 'gi3vfi68', 'gttuxtw6']"
9814,"['nbqukjzv', '0d6sa9pe', 'xk6rp4e7', 'l9bswegi', '4unn3fmu']"
9816,"['l9lni5d3', 'bwmpamea', 'gvp58frm', 'psrsed4b', '77m4rhrz']"
9819,"['l3k9bb5m', 'ki93iltt', 'njivwikk', 'o68mentl', 'if40hlvg']"
9825,"['65efipbi', 'wr4r7jd8', 'm1d8znrs', 'x51jorbm', 't0iw2vod']"
9828,"['gbrf7fh7', 'yc7cvbii', 'f8ah4lzx', '5eo7wfle', 'h6f3500y']"
9836,"['k5t5rjhe', 'cbhlzemx', '5sx04n3x', 'kokfufba', 's0374olh']"
9840,"['f18a3xiv', 'x3z7utn4', 'bujh6goe', 'vnijpl9l', '4uieqidm']"
9872,"['ir20eiqr', 'jqueo6zg', 'odlf9z1w', '5t16srpn', '2ehuuvnx']"
9924,"['zueprmdz', '5yscqct1', 't0iw2vod', '9nicryzs', 'r5eve0bl']"
9933,"['w1bx4a7v', '5g70w76j', 'g17lp8ch', 'qi1henyy', '56m1r1z7']"
9937,"['1s8jzzwg', 'w1bx4a7v', 't0iw2vod', 'wq92nfnd', 'f96qs295']"
9940,"['pxpo8jni', 'a6gczznx', 'yfuddx55', 'jzi7ncd6', 'c4ortmv0']"
9953,"['ivy95jpw', 'hcw0cisk', '0qy6hcgp', 's0ca1r5s', 'l97yi8l9']"
9958,"['ax3e82js', 'c2pxokv4', 'rh2jrojk', 'qeqd4soe', 'jemmceyd']"
9959,"['0fpa1f30', 'v2tehu35', 'ylvgmdwh', '0illlel7', '2erwhb66']"
9960,"['t1mbyvs0', 'xi2whtvr', '3znsneqq', '0hhdwq68', 'zcnr1e2f']"
9965,"['hezheq49', 'rnilge14', 'tlknj4hm', 'yhmcx7ae', 'pyz2tnhk']"
9997,"['0vwspd6l', 'bran54ku', 'rc6cza9r', '58mdhe5v', '3eq34w2u']"
10006,"['w1bx4a7v', 'u8mu4yga', '1s8jzzwg', 'w3ls1d7w', 't0iw2vod']"
10008,"['atwx0a2s', '2tre0wat', 'wzqdo1st', 'qdw86v8i', '5vodag6c']"
10011,"['eys1k8gb', 'vblfew3o', 'xxm6o1l1', 's0374olh', 'ssmw2jef']"
10018,"['eys1k8gb', 'xxm6o1l1', 'vblfew3o', 'v8ujnrbi', 'cvbxv7h7']"
10025,"['kr4sr1ae', 'ubvdzjkw', 'htpyn9ve', 'arma6a4j', 'wo9gg7nx']"
10027,"['v5beddu4', '9ixpj162', 'k36t200n', 'b4mjo92p', '9e6g15iw']"
10107,"['p91dk324', 'b1s3ubm1', '4ifng0a6', 'zuh32ept', '9s63qogv']"
10111,"['1s8jzzwg', 'w1bx4a7v', 'gtwg0m54', 'qi1henyy', 'mkgszhkk']"
10125,"['844229sb', '30pl5tx3', 'db8fl9d2', 'w1bx4a7v', 'x51jorbm']"
10137,"['35xqlryc', 'o8lasxcb', 'qjin5w03', 'lg6qorv0', '5azti19e']"
10140,"['u5rbvc3i', 't0zphgfl', 'm89wmmxd', 'fnguelau', 'yrhb6ktc']"
10146,"['kxx3szjq', 'qxqo23i9', 'btao9cun', 'glyoiu93', 'h1mo3bs8']"
10167,"['u0vg1305', '01h205jf', 'ag18sokf', 'bdxzphjb', '1crb3kcu']"
10182,"['3u3i5myh', 'kmuwb9ia', 'z6elaxpc', 'ckswlo9o', 'di4p48ax']"
10186,"['1tx3tl0f', 'p3qcflii', 'q2i328sz', 'l4frxzji', 'p21ph6ng']"
10202,"['c6lilxk3', '9nostuqg', 'v0f5vxk0', 'bc8xa92n', '5fk4eyte']"
10223,"['tra5ewc5', 'iu1d9i57', 'gtwg0m54', '0hbyplqq', 'mkgszhkk']"
10228,"['o4vvlmr4', 'qnuphz59', 'es8l29ub', 'hpr8rt9n', 'jwei2g97']"
10238,"['utak6i4e', '1hlqov6m', 'v3kzly7z', 'bh8zshy9', 'yb9uyov3']"
10246,"['xj1nw76b', '5c1e0770', 'cfbj6ize', 'a9k6hjzx', '4wbkis5w']"
10253,"['d8lmft7i', 'msg9j0lb', 'm72i8vtq', 'g9btjkcn', 'ce9jujij']"
10262,"['gd19rkm2', 'vrl9gtcp', 'q9d88fxx', 'tvzn0112', 'pq75mafr']"
10268,"['m26xr9qr', '1lggbkly', 'h29zzmla', 'grx4gx95', 'qtzhfnr6']"
10295,"['eia1mvaw', 'o25o8ejg', 'u5e26byy', '1xywu83m', 'pndr91lw']"
10306,"['w1bx4a7v', 'x9sfgtim', 'ropgq7tr', 't0iw2vod', 'jjh1z5c6']"
10315,"['dljqpvyk', 'z94skip6', 'rb20ge7e', 'nt1e70dv', '6ajmuuld']"
10327,"['o8nf7nd0', 'td3drkgw', 'ivug325f', 'gg5c8v7d', 'dx2cx9lx']"
10329,"['rg3iygo4', 'ihlkhh2d', 'b5eve7re', '4vuucmfd', '5q6cnfse']"
10333,"['bu5kfsfi', '16lhzusy', 'nzat41wu', '5ngg5hm4', '65efipbi']"
10337,"['bu5kfsfi', 'd4eae8g3', 'm1d8znrs', 'h8biqqdw', 't4os33em']"
10340,"['d3pxk5tr', 'tz2shoso', '1wcfrvnd', 'ccat4lyb', 'pg50i2ql']"
10346,"['ylojjfri', '41uuzzpg', 'pkxc2219', 'h6gdck2u', 'm13ndhaz']"
10370,"['uyo1rpx6', 'dr067qlf', 'dljqpvyk', 'a451243b', 'v4pkwd44']"
10395,"['d0lulco7', '3unp46lw', 'wl7odjo2', 'in9a3bvi', 'an1wfsvk']"
10430,"['9mdf927z', '5t4twnpm', 'i5j4nmjz', '0zphhxxh', '53zopedx']"
10431,"['w45ih46q', 'z8ajje2l', '42t0zriz', 'r9qtzdvk', '8l5i1z27']"
10434,"['5c1e0770', 'xj1nw76b', 'cfbj6ize', 'e2rtzymt', 'dcli6uaq']"
10442,"['xj1nw76b', 'cfbj6ize', '5c1e0770', 'jn2omyez', '4wbkis5w']"
10449,"['mfziqu80', '2bupc5jh', '1zuhilmu', 'h3tor88n', 't0iw2vod']"
10454,"['ovd98r01', '7aaiyppx', 'fnim10e5', 'mup5hr7e', '2rqouaol']"
10465,"['r6943zpb', 'md0drb25', 'vzloj6b3', 'be8eu3qi', 'ncfvllzi']"
10468,"['tlknj4hm', 'f15foaf2', 'kczhrxxd', 'pyz2tnhk', 'tmwt9yd6']"
10490,"['70bz9l9p', '4kfbs7j4', 'md0drb25', 'r6943zpb', 'lgtpeqhw']"
10493,"['z2jtzsl6', 'zvmwubuk', 'wf72fra8', 'lgtpeqhw', 'gg5c8v7d']"
10497,"['iqe6sdq2', 'yn9qcwvq', 'w50gorzr', 'md0drb25', '4kfbs7j4']"
10511,"['kee1crfe', 'icnjhhyy', '9megonpn', '3v240tcz', 'feovbv3v']"
10528,"['3znsneqq', 'ielatiaq', 'a64w0a1y', 'a8065dca', 'jcqce7jo']"
10530,"['z33cg3nj', 'dnm7s947', 'opda8pjy', 'm4hwwhux', 'd2pzezq8']"
10558,"['vw3cuiof', 'rzahax88', '5d7erbr4', 'iy9mqd4f', '5sx04n3x']"
10563,"['fe72aj3a', 'x4zcpr02', 'aceu86at', '87v7i620', 'fk62t9ym']"
10580,"['8dgahmka', 'ua7hsfma', '7a8ym7uj', '7ouo6beb', 'lm2qoahq']"
10582,"['b1s3ubm1', 'p91dk324', 'fhxgzm2i', '4ifng0a6', 'cb3u1s7s']"
10583,"['h4fo8h90', 'ezrarusj', '3kk1l0ag', '963hkkiy', 'z1gnvb6i']"
10592,"['d81rq6b9', 'l9lj98b1', '7yldl4ld', 'jyxrk9bz', 'bgsbbszf']"
10599,"['80xhhcpm', 'iqq8kmn0', '7obhnmah', 'iy8pp5ey', '1oiqa5zg']"
10608,"['trmwm9qq', '9aw78s63', 'aakzdkcj', 'ax3e82js', 'vrjibtfi']"
10618,"['ivy95jpw', 'hcw0cisk', 's0ca1r5s', '0qy6hcgp', '14alhxc3']"
10647,"['d2pzezq8', '60en5zy7', 'dnm7s947', 'konern28', '8g70j0qw']"
10665,"['umvrwgaw', 't0iw2vod', 'fj6l76hq', 'w1bx4a7v', 'ropgq7tr']"
10682,"['wfa5fb3r', 'jrqlhjsm', 'q5veu992', 'is9a77dk', 'styavbvi']"
10685,"['g9rs9cx8', 'xxm6o1l1', '8gub6wmy', 'z94skip6', 'sc6crkkw']"
10702,"['n2kn7o67', '5hei9fac', 'm1d8znrs', 'jwei2g97', '1z1tces3']"
10716,"['gefb43hh', '0qnvydux', 'l4a7y0bz', '8uxvqspp', '5dwkunqw']"
10722,"['3jigt8mk', '9k6uqs2q', 'j8dtmy7k', 'ueurvoyh', 'qg153asp']"
10733,"['byvsuvn0', '1y79i676', 'mpe2qs0h', '71x3b75z', 'klh90lvp']"
10735,"['tgrh7ap4', '1y79i676', 'ho6qjkyr', 'efm6zj9r', 'lt51utjm']"
10741,"['89fglwvk', 'g5ftdku9', 'lny446a3', 'g5k0po72', 'zkdk2v5e']"
10745,"['tra5ewc5', 'gtwg0m54', '0hbyplqq', '0r0zdpds', 'f96qs295']"
10752,"['1nk1t5qs', 'bgr4h7kn', 's01g5wxg', '82afil03', 'ajzcx2rg']"
10758,"['tlr243il', 'roi3lta6', 'd0cd89hs', 'geo7ac5i', 'wqicq5ry']"
10763,"['vmmwtdia', '9nostuqg', 'i0wbfhu0', 'cixdw87l', 'c6lilxk3']"
10768,"['ax3e82js', '0r580il2', 'r76tqrwz', 'fien6nra', 'aakzdkcj']"
10777,"['p4ejdth1', 'qpehyolt', 'sqxl75qb', 'tyqeguyf', 'l7zlby4y']"
10781,"['66fi7e69', 'uhs1nz2s', 'asphtor7', 'axxo94cr', 'wnpmwne1']"
10789,"['llcit7x2', '9169o29b', 'l9lni5d3', '4p6fcy8f', 'n1ysi7qc']"
10801,"['epzpua9t', '8n4zf9oo', '5t4twnpm', 'peiqusin', '9wvlt53w']"
10822,"['fgdzfr39', 'uru7bkr4', 'qvuuhkg6', 'svgguadm', '4jyltfus']"
10824,"['7mcfehzc', 'i94boetk', 's96b0s76', 'yj3yisum', 'po32j519']"
10825,"['jfj7vrz7', 'ko8lyoob', '5hei9fac', '9xxv8a2d', 'wjktna81']"
10849,"['ir20eiqr', 'odlf9z1w', 'w4pgkid9', 'kkz9sde7', 'bl96upg3']"
10868,"['opogstc5', 'v1ei9im8', '0c03fjk5', 'e9m31jyc', 'g4k0ksr8']"
10886,"['nzc9essr', '3akrube4', 'm1d8znrs', '2jdlavwj', '25aj8rj5']"
10892,"['5azti19e', 'qgzc1moh', '4vkkaqhz', '3v8lijcn', 'eflyypev']"
10896,"['01h205jf', 'ag18sokf', 'trpbkat0', 'bdxzphjb', '2damkjcs']"
10899,"['fcb8egak', 'eje3i558', 'uuy94dwa', '38d6gb7o', 'dntzzcue']"
10900,"['5m23wtpi', 'ereh4ub8', 'nzat41wu', 'y2zcwcic', '5s1uj2qi']"
10913,"['726t123x', 'f96qs295', '5c8im9ci', 'm1d8znrs', 'db8fl9d2']"
10914,"['rvygtpvb', 'jdg8gsve', 'b4dz1lnn', 'h2l70h1u', 'ep6uuulm']"
10927,"['nf6n6afo', 'p97kgjmp', 'obk4jtwi', 'xyyhup28', 'fw7yp9jv']"
10944,"['6oicmeam', 'q1nye2ih', 'faj85qxc', 'lpqdnuil', 'kc3nb2pc']"
10953,"['ivy95jpw', 'nxu1xoax', 's0ca1r5s', 'xnrb0byz', 'iu5ndsxn']"
10968,"['2l83gyx5', 'cd7cfpx3', 'aceu86at', 'yu2qzp18', 'r5eve0bl']"
10975,"['fedv6m9o', 'furicopj', '8xvqq5eh', 'ac9n08nx', 'n4ildbuc']"
10991,"['5f95gve3', '1fgnfh62', 'pm825xn1', 'ne816kr4', 'h85c49cv']"
10993,"['91ea40nz', '5a5a8ifz', 'd7024aia', 'ypls4zau', 'maxbdi99']"
10994,"['3u3i5myh', 'k457kqlo', '05vmhjjp', 'a4klrp3h', '70s04wty']"
10999,"['06yuz5pn', 'xchvlphf', '7b7on38r', 'c4h0x85r', 'hm332jqo']"
11000,"['eo1uz3g2', 'cfd1x420', 'u89jd28e', 'awh8y9j8', 'k2zrdjyo']"
11006,"['q9d54z1s', 'tv1a1hwj', 'hphb36km', '4w8hz49k', 'f0t6n2j1']"
11010,"['u5e26byy', 'eia1mvaw', 'orajfobs', '10e0xmnv', '3digbnh6']"
11048,"['jjgfgqwg', 'yn2aylru', 'e0a1t2ig', 'xsqgrd5l', 'xd5uhah4']"
11051,"['zbkx78mm', '70bz9l9p', 'zvmwubuk', 'z2jtzsl6', 'md0drb25']"
11056,"['3xup6glg', 'u1ilcmm2', 'vjpf1fk6', '9gw8z8zm', 'cv5th7hd']"
11069,"['kb3xi0fk', 'hdk02l2r', 'cnfpsbuk', 'lp0r7j5c', 'yztfkwkc']"
11071,"['tra5ewc5', 'f96qs295', '30pl5tx3', '763v4duh', 'pu12u627']"
11092,"['e8m2n9v6', 'iuenuigz', 'fd4aag2t', 'kkskmuw3', 'xiaj8ofb']"
11117,"['j5b0f3uk', 'birrxj48', 'furicopj', '02bk8vtk', 'n4ildbuc']"
11124,"['bh8zshy9', 'j4p46aiv', 'hpbcwiwf', 'wt471v5k', 'v3kzly7z']"
11125,"['qeqd4soe', 'nxu1xoax', 'roe6g61u', 'aakzdkcj', '0qy6hcgp']"
11141,"['eo89w6qp', 'ppuki7qn', 'c9cenvt4', '71ixs3y4', 'vqlnd5rx']"
11165,"['l4y7v729', '30pl5tx3', 'atwx0a2s', '33wqmdnk', 'db8fl9d2']"
11191,"['8n4zf9oo', '9mdf927z', '5t4twnpm', 'ywvk6gu6', 'i5j4nmjz']"
11203,"['yeowvvqi', 'g15tvzn4', '0o3wjvpx', 'ifovibzi', 'hpj8gb4o']"
11210,"['w3ls1d7w', 'zycgczqy', 'w1bx4a7v', 'ropgq7tr', 'x9sfgtim']"
11223,"['oa60fwht', 'jbimjcx4', '32wdjjwu', '7vc93ewa', 'ai5dfdfk']"
11245,"['sok0cyd3', 'pscw933i', '8acldtv2', 'h2h4bnd5', 'n1ysi7qc']"
11248,"['cfi5zhgu', '95wclabe', 'puu8wib8', 'v13kzr5y', 'a68y6qsf']"
11256,"['ypvzanog', 'cwdtyr1v', '15q47bw5', 'dluw0oiz', '4z8i83p4']"
11264,"['xnrp2tpd', 'qfq1nfcn', '7qpwux9w', 'wi1slkpf', 'o8lasxcb']"
11268,"['844229sb', 'w1bx4a7v', 'astxi4el', 't0iw2vod', '30pl5tx3']"
11271,"['z9csj1bh', '2z2etb0s', 'xk6rp4e7', 'yg2voc65', 'v4dbkyjh']"
11280,"['wt471v5k', 'eo89w6qp', 'fo815n5l', 'eomtjrgc', 'zcwh1892']"
11290,"['gbpfypmn', '5gldyo2d', '1jpwtd4t', 'udr22zf7', '0yr25cxn']"
11298,"['qj1v04cf', '15q47bw5', '9e6g15iw', 'k36t200n', '4z8i83p4']"
11299,"['gmp22v65', 'iwd8nkls', 'cfkeqgj3', 'xpqfpizp', 'w7xaleep']"
11319,"['bzeqs5oh', '675v58x8', 'a40yhtqk', 'hn6clwoj', 'mjb3ip7a']"
11332,"['p485vc0h', 'aceu86at', 'o0m20894', 'wdw0a2kl', 'qh6rif48']"
11347,"['qt5qv3zx', 'jm4dmnxz', 'ubvdzjkw', 'sbjwaj3y', '5zt4qx4q']"
11363,"['s82tyeis', '8g70j0qw', 'opda8pjy', 'cxqzo58q', 'dnm7s947']"
11373,"['ivy95jpw', 'sygm6irl', 'hcw0cisk', 's0ca1r5s', '0qy6hcgp']"
11384,"['s7glsesb', 'm5a8toj9', 'tyqeguyf', 'sqxl75qb', 'hj3xxwru']"
11392,"['f296patc', 'syy2r7jr', 't3hrrigb', 'mqzus147', '6rpm4phy']"
11395,"['pq75mafr', '8bihly91', 'a94at9dk', '32v44sw9', 'm1d8znrs']"
11412,"['cfe6rb1x', 'v13kzr5y', 'o0m20894', 'h2l70h1u', 'dtbmznld']"
11426,"['bzeqs5oh', 'oud5ioks', '0bh8i14e', 'uohbxoeb', 'mjb3ip7a']"
11430,"['9s98t4h7', 'tq1hb45f', '43uwgep5', 'jfeamjqu', 'jjjgu3n0']"
11431,"['h1wycwxc', 'e2rtzymt', '6tlzij5v', 'q4gattkk', '64l9la82']"
11432,"['osct0lj6', 'hm332jqo', 'hbkl5cam', 'pq75mafr', '8m59whf9']"
11448,"['o7qibwzj', 'jmau0q9t', 'afm47u6d', 'q5wiqpcb', 'kc3nb2pc']"
11461,"['s19w1p2i', 'be4afbyo', 'dgng39yd', 'n1ysi7qc', 'l9lni5d3']"
11463,"['m2z6k2va', 'mkgszhkk', 'pppb83nc', '7ruoysxu', 'a0q61mpi']"
11473,"['l3bruaeh', 'vithq7z7', '58hqal2d', '7jwqm0b2', 'a4sh1rz9']"
11483,"['6a728le9', 'wjktna81', 'ko42qlzr', 'yn7e3do9', 'i94boetk']"
11489,"['ijoyk390', 'wjktna81', '6k0nhmg9', '92tvskxw', '6hkqe14l']"
11496,"['pv7tgwcg', '2q87yv17', 'b35rzdga', 'sw5f7jgr', 't1ho5c9h']"
11498,"['ba5h6uhu', 'm9g1d7i2', '6a728le9', '6k0nhmg9', 'qa2pgjvj']"
11503,"['eml8uilb', 'v91sfqt6', 'ljpeq5aw', 'yn2aylru', '5bk0w0sa']"
11510,"['lg6qorv0', '2f09vauy', '38paoyuc', '5vodag6c', 't3b2adct']"
11511,"['t7xaqtgo', 'yt2fp8zl', 'cq5z8lqu', '6a1fl65b', 'd1w8xqvo']"
11530,"['3wo90f5u', 'ozbmgd70', '166b6fep', '70bz9l9p', 'e9j4b00a']"
11539,"['dqfndau7', '9oui0l6v', 'e1macqqm', 'azr73w2w', 'wgc0cqyw']"
11552,"['t0iw2vod', 'u8mu4yga', 'w1bx4a7v', '1s8jzzwg', 'umvrwgaw']"
11559,"['7a543f7v', '8l5i1z27', 'cj3cpn5j', 'q77tr31d', 'tvhn7lnu']"
11573,"['jb3wc81d', 'ix48o00j', 'dohy9i21', 'cplyj4dm', '43z85jsb']"
11625,"['yk872yaz', 'x64zft78', 'uv5jctnd', 'jn1w8h2p', 'y2bsx8p2']"
11631,"['p3rnfifj', '9jlnker4', 'dohy9i21', 'x60fkihk', 't5wzsjxc']"
11633,"['5c1e0770', 'xj1nw76b', 'cfbj6ize', 'plwoof39', 'wiei5dpt']"
11636,"['0bh8i14e', 'bzeqs5oh', 'uohbxoeb', 'f72i7wxu', 'hn6clwoj']"
11638,"['6aku7ghk', '0kuotqoi', 'q55l1chd', 'x5k4sk9s', 'xmqdk2wz']"
11642,"['0o3wjvpx', 'g15tvzn4', '9kk8pevp', 'qbj8n8h6', 'zv351n3d']"
11665,"['gg5c8v7d', 'dx2cx9lx', 'p94qntyb', '8hvve871', 'md0drb25']"
11676,"['es7c7szs', 'c7g2ah72', 'jlqpwfwm', 'nkx5zdfg', 'f3eogz0n']"
11680,"['k0f4cwig', '8j3bb6zx', 'sv48gjkk', 'ffwdsnx7', '2z2etb0s']"
11681,"['122yi9np', '20nozop1', '5tpkcd5z', '8xf8u6bg', '66g5lpm6']"
11697,"['e6ccoc21', '06gxvptj', 'ldv3m4jr', 'pggf4wyo', 't3t7sbmz']"
11700,"['7g7sgabs', 'fdkt6moe', '7hvq9qaj', 'cj7ygzfy', 'e56ivoz7']"
11706,"['dqhdws5k', '7esjlc7i', 'sygm6irl', 'ax3e82js', 'aakzdkcj']"
11749,"['ex6dyr77', '50frs197', 'nr0fu2qb', 'v91sfqt6', 'u7tqolyi']"
11764,"['db8fl9d2', 'w1bx4a7v', '0mwz8kwo', 'zycgczqy', 'u8mu4yga']"
11793,"['o8aosx2q', 's01g5wxg', 'h1mo3bs8', '6e0yre69', 'po32j519']"
11798,"['vmmwtdia', '49ejyfie', 'cixdw87l', 'v4dbkyjh', '9nostuqg']"
11815,"['bh8zshy9', '7a7oi5dt', 'jhge9qy5', 'y349r3r6', 'xigbp7vh']"
11817,"['hg0lyy93', 'b9nqcbf7', '6gm8kaqi', 'nerxtetr', 'o8lasxcb']"
11827,"['6pn9jwfn', '65efipbi', '6hl6rtsh', 'vmmztj0a', '5upb25gt']"
11829,"['ptnjbhtw', '6cx33se3', 'fmgj3noh', '8yg1d3ft', 'jf9whlu7']"
11836,"['5tdmh0ac', 'z8ajje2l', '70s04wty', '86auifl6', '8l5i1z27']"
11845,"['30pl5tx3', 'rpwmcqbg', 'f96qs295', 'iu1d9i57', 'db8fl9d2']"
11846,"['tra5ewc5', 'f96qs295', '30pl5tx3', '0hbyplqq', 'jjh1z5c6']"
11850,"['e0a1t2ig', '0njpdbv5', 'xd5uhah4', 't5wzsjxc', 'sok0cyd3']"
11868,"['vmijl5yu', '5cno180i', 'l6rko41c', 'i6zofi4g', 'aj2ov6sh']"
11884,"['u95kg3m0', 'nles7ymd', '550ik6bk', 'iuenuigz', '4img2we6']"
11899,"['g57r3son', '8iqs6jko', 'usyduiti', 'w0ebmg16', 'l8zfuhzk']"
11913,"['f5ehif2w', 'sncz4jkc', 'urj0nssb', 'ofbnzo6n', 'ks0zkp57']"
11915,"['8l5i1z27', 'cj3cpn5j', '6r79qt66', 'ej9qbrt8', 'ruewzstg']"
11923,"['a9prti0f', 'f5ehif2w', '7f5nywod', '0zjpvzof', '7o7v0ewg']"
11925,"['a40yhtqk', 'mjb3ip7a', 's01g5wxg', 'bzeqs5oh', 'spfc0fc0']"
11940,"['3u3i5myh', 'l56c020a', '19skljon', 'snk26ii3', 'l8sozg8v']"
11961,"['k1ktytot', 'c7g2ah72', 'gj8p22hq', 'nkx5zdfg', 'ybliwnw6']"
11962,"['4e82s91a', 'ja4oo96l', 'asi26od1', 'ntxr1ivx', 'pw58gayr']"
11973,"['0jvoa3ui', 'lsrpk3wc', '1d8sb9rw', '2la3hkzv', 'y0wu60n4']"
11974,"['3bbiyucq', 'hezheq49', 'jcp3u4mf', '43fwrlk5', 'ncbjncfx']"
11991,"['ao6632cb', 'na3c21pf', 'hg1q14gw', 'zpxnr9s9', 'q7ixed9f']"
12002,"['bv7hvc1e', 'qgwu9fsk', '5aev7ltr', '8zufbeuz', 'b5yrfllu']"
12007,"['iatmjkzk', '1m2mp7o7', 'z0hy52cu', 'd7024aia', 'kq6rups8']"
12013,"['9x5k7we8', '6kbdxhxv', '7j4i6eud', 'm1tv7mgm', 'dfl69g4f']"
12041,"['3u3i5myh', 'kmuwb9ia', 'z6elaxpc', 'eywnnzxe', 'a4klrp3h']"
12042,"['mqzus147', '3lzm42wq', 'pmd78j61', '43joavrl', 'lbd6hn57']"
12060,"['8qdcls1k', 'kjr6dcqv', 's7z1l3a9', '6e0yre69', 'e7gq365q']"
12075,"['g57r3son', 'usyduiti', 'wn98fql3', 'vvmb92wo', 'ohkki0ke']"
12091,"['2sb905jt', 'x996e0cn', '3a5965df', 'j7vm8h9t', 'ravcm60e']"
12097,"['g5h4tazp', 'tuqmar6w', 'nb27fn2z', 'qxhujttt', 'hm332jqo']"
12103,"['nb27fn2z', 'g5h4tazp', 'hm332jqo', 'fmgj3noh', 'bnrmh1qs']"
12105,"['g5h4tazp', 'tuqmar6w', 'yw8a1ssd', 'nb27fn2z', '7z7zxcm2']"
12107,"['g5h4tazp', 'tuqmar6w', 'nb27fn2z', 'hm332jqo', '3kk1l0ag']"
12109,"['dddrzkf6', 'h3tor88n', '08bw0h8m', 'sok0cyd3', 'u7ao9dwx']"
12113,"['5upb25gt', '56zhxd6e', 'eflwztji', 'txnegebz', '8m59whf9']"
12114,"['g5h4tazp', 'nb27fn2z', 'hm332jqo', 'hbkl5cam', '3kk1l0ag']"
12131,"['ocguwlam', '4wbkis5w', 'jeyo5qs9', 'gbpfypmn', 'ehqk1d63']"
12137,"['j05hs577', 'yjurt0k6', 'f296patc', 'ant6397h', 'qg153asp']"
12157,"['tra5ewc5', 'jjh1z5c6', 'f96qs295', 'rpwmcqbg', '30pl5tx3']"
12164,"['4cnk76lb', 'omrb959r', 'wgbyqfrx', 'hhuu7ol8', 'c0ipfbeg']"
12180,"['9pb2eqoa', 'w3ls1d7w', 'dhd9e9bn', 'u8mu4yga', '7zdi0y2s']"
12214,"['geo7ac5i', 'x44oc1k6', '58r5wcwd', 'roi3lta6', 'tlr243il']"
12221,"['kayh0v56', '726t123x', '5c8im9ci', 'w3d33mq0', 'gtol0evh']"
12235,"['n86w4vkx', '3ls0po4k', '3bo4md44', 'p42w7vjf', 'qci7khki']"
12253,"['xtraspw2', 'w0ebmg16', 'mnjy6bq2', 'w1bx4a7v', 't0iw2vod']"
12256,"['4vuucmfd', 'ydh4ve24', 'ztxfa5b8', '7n4t8i2n', '353wr671']"
12273,"['7vdd5f4t', '8rogsybc', 'a7ve0dud', 'ex6dyr77', 'vuxxerob']"
12276,"['wn98fql3', 't0iw2vod', 'hqapg5ow', '607lsqlg', 'g57r3son']"
12277,"['9195zweg', 'njivwikk', 'xs8w9shx', 'o6qw5u3q', 'evf9nz05']"
12278,"['orqulgfr', 'v4pkwd44', 'a451243b', 'dptapovm', 'g2wpw330']"
12279,"['wv2gzahy', 'isc330rk', 'n0actmsc', 'dvu4mpl1', 'r7kvv48s']"
12286,"['t6de15ax', 'vbayngh0', 'pcekcvwr', 'eecwjrdc', '6rpm4phy']"
12287,"['9195zweg', '1peg3502', 'wv2gzahy', 'fpexa30s', 't84pu00z']"
12312,"['72ncfyc5', 'lsares5t', 't1mwzhrq', 'qpehyolt', 'est5jx7g']"
12320,"['trjx01al', 'xiaj8ofb', 'fd4aag2t', 'cpqeo65g', 'gxvaric3']"
12334,"['1fxb5vru', 't30yubp6', 'gcr0i406', 'y3c478hf', '3ls0po4k']"
12337,"['ddwrvlc9', 'spohl5ey', 'tf5a48i2', 'd7c6l97j', 'mqzus147']"
12372,"['p576v9du', 'ihler8r0', '5hei9fac', 'k457kqlo', 'q1nye2ih']"
12393,"['3vccsofn', '0vmxjil6', 'wu2dyleo', 'm26sn2qg', '7as9f1n6']"
12404,"['h4cu63cm', 'c0i45oix', 'jtgpzrf9', 'spfc0fc0', 'iimx8nt8']"
12406,"['2uidarm3', '6273ddzc', '45x7ubub', 'mqk72say', 'ujy4i5uu']"
12423,"['q1nye2ih', 'wt471v5k', 'h365e9gx', 'bh8zshy9', 'hfk8nikl']"
12427,"['40fvjskj', '7yias3rj', 'lirsu408', 'c82i3u0j', 'wv2gzahy']"
12447,"['2cwvga0k', 'f3eogz0n', 'uka69z83', 'it0yy25c', '0cji7tzq']"
12461,"['hq75gfd2', 'o0m20894', '98t617oo', '7auhiq44', '5nncqp3z']"
12501,"['v4ubd1l6', 'ez1l3m4o', 'mom4y7cl', 'si5mxgrk', 'b8c309hj']"
12513,"['v4ubd1l6', 'si5mxgrk', 'sem6z3ka', 'ez1l3m4o', 'b8c309hj']"
12517,"['9avmlz30', 'a242g5kg', '96lxmeqx', 'du8wmh6n', 'lt7qsxxh']"
12530,"['ql9cfh1j', 'ngb7pbyl', 'cn0hqvsz', '2uy0jjdh', '8dbjycgt']"
12551,"['9nostuqg', '82afil03', '0extp6r3', 'rnq3k34m', '8g2mr8o1']"
12572,"['3u3i5myh', 'ckswlo9o', 'e7gq365q', 'hhq50mrc', '8qdcls1k']"
12579,"['0g4naq14', 'jghu52qi', 'wku1sd9k', 'aj885nl0', 'imte5ong']"
12582,"['0y2kq6zg', 'i03mrw1i', 'gss2lw8m', 'e3dh0huv', '90323yzn']"
12596,"['gg5c8v7d', 'p94qntyb', 'dx2cx9lx', 'r6943zpb', '70bz9l9p']"
12603,"['cv5th7hd', 'vjpf1fk6', 'u1ilcmm2', '93b2ivio', '35meen0h']"
12622,"['hi4a02kw', 'ykfidmzv', 'x9zg7ulr', '45r6aieu', '3yi44xfe']"
12637,"['xf7k56sp', 'qwgufqcs', 'itvjhlnn', 'xcs9podj', 'kx4x2g24']"
12643,"['bw6a5gmy', '24u6q3ae', 'cfkh0ypy', 'z3msyl45', 'edz3up3a']"
12648,"['pi1yzeqg', '51c22b8w', 'lgnhlxgd', 'y7lrp0gc', 'mzon01fd']"
12662,"['nb5ayz0h', 'p7rpfsph', 'y6reys3r', 'heegb7pp', 'nhtrra8s']"
12669,"['8dgahmka', 'ua7hsfma', '1cvpw5hp', 'wnpmwne1', 'lm2qoahq']"
12689,"['hqod7v2l', 'y98m15aq', 'vjpf1fk6', 'mpeugvt9', 'atksh1pr']"
12697,"['mw0wb8a8', 'dnxhtbxn', 'xcsl2evz', '69fmtury', 'pwvcwlh8']"
12709,"['9n7bkayx', 'mlo8zypy', '5a5a8ifz', '2nj7rn4q', '4hdj6mtf']"
12713,"['dx3ez40b', '6ki9km50', 'j5sj9b3d', 'ii2fmi39', 'es7c7szs']"
12715,"['lwhy2spw', 'zzph3va1', '2qksxqmb', '357sbvyt', 'bwmznl61']"
12730,"['vdup9q7v', '12th7nja', 'jj2u35z4', 'dgnddq80', '8jejswuk']"
12731,"['uuy94dwa', 'eje3i558', '38d6gb7o', 'dntzzcue', 'yamabj5e']"
12737,"['jmdrupds', '3oetrhdh', 'po32j519', 'lvvw1npq', 'gi3vfi68']"
12738,"['4aps0kvp', '4unn3fmu', 'lvbutmio', 'yztfkwkc', 'gobik7kl']"
12743,"['3oetrhdh', 'sjkni2uc', 'uc316ncl', 'udtoutew', 'jmdrupds']"
12754,"['2bpyvgv7', '9b6cepf4', '5z0xwlxp', 'gtwg0m54', 'f96qs295']"
12761,"['fj6l76hq', 'bmmdygbs', '8iqs6jko', 'g57r3son', 'w0ebmg16']"
12766,"['iwdklgyp', '46y1pa7o', '2r0a357c', 'dngs5tbw', '5nue46dm']"
12799,"['ohfi48d6', 'oh23px9c', 'ewb09f5h', '6hnts5l2', 'qhqidit5']"
12801,"['5a5a8ifz', '0kqlxx26', '721ofhsv', 'yrhb6ktc', 'moxjaxuy']"
12805,"['ox59xb6z', '8xgp6nhy', '7b570emm', 'sjsaw6yv', 'bzzln9kc']"
12809,"['t3dzso36', 'rb20ge7e', '5jlohhmv', 'nt1e70dv', 'mx30g5w8']"
12822,"['kr4sr1ae', '0an1j8wk', '6r79qt66', 'syy2r7jr', '5a5a8ifz']"
12829,"['r6pn17no', '2ax0z8r6', 'gc4p1mvc', 'zu8dg7ma', 'b8mx2wrg']"
12831,"['qkg8fwbp', 's9lkvzpo', 'pta8enbu', 'dgizpo1z', 'qwgxm1ol']"
12834,"['o8nf7nd0', 'w50gorzr', 'ncfvllzi', 'l4zku2e9', 'md0drb25']"
12838,"['x220pjeg', 'evuixig8', 'f0kcf2y0', 'n4ildbuc', 'swaf5pao']"
12842,"['ufcheghf', '1h9ewx5j', 'boqygpow', '0d77ojnb', 'wrkx7qyo']"
12886,"['v056i6g7', 'oe4bzale', 'u7tqolyi', 'ftt4diu4', 'qv31t2vh']"
12907,"['tra5ewc5', 'f96qs295', '0hbyplqq', '763v4duh', '0r0zdpds']"
12910,"['w1bx4a7v', 'zycgczqy', 'f96qs295', '5vodag6c', 'qi1henyy']"
12916,"['1igydu3y', 'unx1pv2k', 'e8mk04uf', 'mj9xc5fv', 'cgxs9uam']"
12920,"['unx1pv2k', 'x4crng5j', '236otwxj', 'xl0zb9zj', 'm5pe8kr4']"
12926,"['630w2rtn', '3jqsmc7p', '7ouo6beb', 'xhkjbeam', '7a8ym7uj']"
12950,"['7xnh53x0', 'cmeiqnng', 'xdtvmekq', '8eyqt7nb', 'okfsy72o']"
12954,"['9195zweg', 'g7n7jh5y', 'g8tckoxj', 'mdsjbfmx', 't6de15ax']"
12963,"['wrnooffp', 'xzy98hm3', 'bgsbbszf', 'g1w6w5tm', '6lz0kjen']"
12967,"['01c1hxav', 'p0brp6qd', 'x208624q', 'xo7q4dqr', '4ip0yl0n']"
12972,"['tweqie5k', 'aj64338q', '1ef8ac5c', '2yka2luy', '4ohgr8j7']"
12973,"['f3eogz0n', 'h65g7bf2', '2cwvga0k', '2um2wbcs', 'lf9i6x2i']"
12984,"['f96qs295', 'db8fl9d2', 'w1bx4a7v', 'gtwg0m54', 'jjh1z5c6']"
12989,"['vrate482', 'pxpghfhq', 'tjplc5j6', '9svrz0vj', 'vpqwkmlv']"
12990,"['vrate482', 'gp3ib74q', 'tjplc5j6', '7pcnf2iv', 'pxpghfhq']"
13002,"['k1adcls8', '4jyltfus', 'o1mg23wb', '918wd3ez', 'fgdzfr39']"
13028,"['s01g5wxg', 'l8sozg8v', 'r5v2gi3v', 'j4p46aiv', 'jgcv1wf3']"
13045,"['7m33mjl1', 'fjzhe9tp', '2199ydle', 'd4eae8g3', '4ffyrw1k']"
13046,"['2yka2luy', '5hei9fac', '6cx33se3', '6hkqe14l', '7xt894vr']"
13049,"['jvqlmqsy', 'jemmceyd', 'szteqo8t', 'ldqy66uh', 'c2pxokv4']"
13050,"['atloc9th', '5b9jytph', '2bupc5jh', 'l2ak5ygj', 'm26sn2qg']"
13052,"['1vcc1khg', '844229sb', '8ko7mmu3', 'zq6oe8w0', 'ximw03ej']"
13053,"['ju3d0xvy', 'pu12u627', 'r58aohnu', '5yscqct1', 'c56qufai']"
13063,"['dddrzkf6', 'zq9ehv7a', 'vdgu6h0a', 'g99myvw1', 'xs7vkm19']"
13078,"['jvqlmqsy', 'g4pd6g4j', 'c2pxokv4', '8d0p6qpc', 'hpyzi04z']"
13147,"['zpxnr9s9', 'na3c21pf', '1z0q5oxo', 'ao6632cb', 'ek5zfb8f']"
13153,"['jk5tczo0', 'xokujzbl', 'y2bsx8p2', 'jn1w8h2p', 'dohy9i21']"
13158,"['1u532bz9', '9gqonmf5', 'ghhxxkkv', 'e756pbyp', 'r4mgu6j7']"
13167,"['rog2h4g7', '6tlzij5v', 'k9mbmgvr', 'xxy10tcl', 'wkwqlnz2']"
13170,"['0lk8eujq', '8xrccucr', 't1vom8f3', 'y7lrp0gc', '8f83k2ce']"
13171,"['3f0pgo4z', 'n1q1wr9s', 'arma6a4j', '69wuny3p', 'raz9veem']"
13189,"['bzo4x7bh', 'm0zvo2tq', 'bzxa0ajy', 'sz5fr79q', 'dkvl2i8g']"
13194,"['4cnk76lb', 'wgbyqfrx', 'omrb959r', 'c0ipfbeg', 'hhuu7ol8']"
13204,"['jgq968f6', 'hm332jqo', 'n8j1iq8p', 'u7ao9dwx', 'k8vjv3zy']"
13209,"['hfaiddki', '3q36knqh', 'o4vvlmr4', 'fxwszm22', 'ynaxwnlp']"
13210,"['sh9w4ipq', '1zd3hjpo', 'cuw2sx2e', 'mwvcd5eo', 'tx8ypqsm']"
13216,"['o1xkgkn1', 'r76tqrwz', 'ax3e82js', '7th3d6wk', '0r580il2']"
13234,"['vzdu9jwn', '3km6yfr6', 'nr440fxm', 't3qn61pn', 'vnsag9fc']"
13239,"['t0l6mlm5', '00ugdhvf', '6g4oclln', 'pmcvhg2i', '25aj8rj5']"
13250,"['o8lasxcb', 'dti9o5x3', '7qpwux9w', 'fq9wx29o', 'xnrp2tpd']"
13254,"['bgiyvqgw', 'ncbjncfx', '6entp07f', 'd60chk12', 'ln6t374j']"
13257,"['c2manjgx', 'd60chk12', 'lpqdnuil', 'lxqne4rp', 'h65g7bf2']"
13269,"['f96qs295', 'ropgq7tr', 'x9sfgtim', 'u8mu4yga', 'w1bx4a7v']"
13278,"['jswlq6wp', 'mi6bdisx', 'm46vdpv6', 'os0sslxc', 'yb9uyov3']"
13280,"['6t92yhti', '4z8i83p4', 'wu2dyleo', 'h4kc04w0', 'xltcax0k']"
13281,"['jswlq6wp', '6a6tyvtz', 'utak6i4e', 'dlwfu274', 'krg8jvfz']"
13310,"['jmhexmet', 'rjjc30lc', '8hkxbxz9', 't4os33em', 'veeavho5']"
13327,"['d2pzezq8', '60en5zy7', 'qnuphz59', '8g70j0qw', 'y8o5j2be']"
13330,"['ysf5k0ky', 'jbpmbm9m', 'nlnkgkjo', 'fmgj3noh', 'samf1kwn']"
13332,"['6uli512b', 'lldu8qv9', 'aceu86at', '73b58lcm', 'gtp5daep']"
13342,"['wa4gt5sy', 'atksh1pr', 'd7c6l97j', 'mpeugvt9', 'ddwrvlc9']"
13346,"['db8fl9d2', 'f96qs295', 'jjh1z5c6', 'dhd9e9bn', 'ropgq7tr']"
13352,"['i0swl50w', 'rzahax88', '1kubts7j', '78d7vub4', '5d7erbr4']"
13366,"['33g2xvvr', 'cf3l8uzq', 'fo4ax1od', 'b6yfgc8t', '4budtw8s']"
13367,"['q1nye2ih', 'to9ixrwr', '9y9lkt4x', 'jmu2cfnd', 'vszrekp9']"
13373,"['ipblyab0', 'y2bsx8p2', 'ix48o00j', '08z6z7d5', 'w7smahni']"
13377,"['u30uz8sk', '4rsvcbnz', 'zmc0kl4r', '24u6q3ae', 'd0lulco7']"
13402,"['tra5ewc5', 'gtwg0m54', '30pl5tx3', '0hbyplqq', '0r0zdpds']"
13405,"['qn6wawxk', 'xl9rwld2', 'yk2th44f', 'dsz66r4u', 'b3ui95vx']"
13412,"['msb6wgnv', '8w2t6u96', '3jrb0sn8', 'ypxur24q', '9ss25ozo']"
13421,"['yx0u0iyw', 'epzpua9t', 'myqli11j', 'soz9p0yd', '5upb25gt']"
13445,"['gw9hkw00', 'k0v1axmd', 'xmd8fh95', '9gw8z8zm', 'nt1e70dv']"
13446,"['cfbj6ize', 'xj1nw76b', 'dcli6uaq', '5c1e0770', 'waerqfzu']"
13451,"['kczhrxxd', 'bgiyvqgw', 'pyz2tnhk', 'e1mtdo7v', 'ncbjncfx']"
13462,"['sywxrxmf', 'aakzdkcj', 'r76tqrwz', 'qeqd4soe', 'ax3e82js']"
13480,"['db8fl9d2', 'astxi4el', 'w1bx4a7v', 'ef3warsh', '8ko7mmu3']"
13485,"['2my9o9fy', 'suw0h7s3', '5xon5yb4', 'o8aosx2q', '1nk1t5qs']"
13500,"['7f5nywod', 'pi9ndj9p', '4co920gp', 'x44oc1k6', 'oeudi6lr']"
13503,"['ncfvllzi', 'ikon1ktb', 'dx2cx9lx', 'l4zku2e9', 'tpmb397f']"
13513,"['2sp8nm0i', '81pr5etw', 'pxulu0hl', 'q3h8afld', 'brt4zrhe']"
13529,"['mru0mcup', 'iayyox4r', 'ksgdjdh1', 'tvln1bco', 'ekgqdjlk']"
13542,"['b5eve7re', 'rc5d6wi3', 'u89jd28e', '25bdifv6', 'dti9o5x3']"
13555,"['j6uxowyu', 'pjllicm7', 'lldu8qv9', 'jbimjcx4', 'tx2dwo04']"
13560,"['rn8eezep', 'k9mbmgvr', 'bjycvoxw', 'qbp5nid8', 'kk7rlevl']"
13561,"['k1n00gir', 'ypxur24q', 'p9qeaedh', '2sp8nm0i', 'pndr91lw']"
13577,"['59xux3di', 'bl96upg3', '82afil03', 'io8mozoe', '2tggadqm']"
13603,"['l9u3c1dg', 's245n3qw', 'h8h8xkfx', '70bz9l9p', 'hjmjav50']"
13617,"['c5zi5rzz', '4ghn6zbd', 'f18a3xiv', 'fmgj3noh', 'fe456in0']"
13618,"['w7gr98j9', 'h2l70h1u', '6bgquqa1', '5wby3shp', 'vszrekp9']"
13622,"['delciztu', '9txgtl28', 'h8biqqdw', '5m23wtpi', 'of16ewcj']"
13628,"['1k0xqhda', '9mdf927z', 'sts48u9i', 'fnojlsnj', '5upb25gt']"
13647,"['t0iw2vod', '8je46886', 'g17lp8ch', 'wq92nfnd', 'w1bx4a7v']"
13648,"['nbdk83ok', '6xlk1n4e', '8glhd9xe', 'vllhupzp', 'sgwvid9l']"
13649,"['4mjrpjit', '56m1r1z7', '73b58lcm', 'ub3kjqkv', 'j67qgjbj']"
13653,"['wn98fql3', 'g57r3son', '5b9jytph', 'w3ls1d7w', 'knbngla3']"
13669,"['c4ihkcyr', 'jqwoxfsc', 'q473xazz', 'hpbcwiwf', 'qp34apct']"
13670,"['t5wzsjxc', '8dh4xvph', '0emibwp3', 't0iw2vod', 'pj7no3fe']"
13676,"['2hkdhwaw', 's1dert6n', '5tdmh0ac', 'r9qtzdvk', '8l5i1z27']"
13679,"['039k70vs', '4mjg7jul', 'oeudi6lr', 'baodjrw2', '9a27s0zn']"
13682,"['0vy5yifk', 'wcmxmahq', 'e6miaabh', '7auhiq44', 'jj2baaph']"
13707,"['1kubts7j', 'faxm9rhz', 'bgr4h7kn', '78d7vub4', 'rzahax88']"
13728,"['wbk363w1', '5iwgutxo', 'zuz2992q', 'mj3gdjxj', 'sajmj1jw']"
13751,"['vrs88dcy', '80yu5aiv', 'mkl7rvr6', '4vjpu9t1', '726t123x']"
13816,"['styavbvi', 'jrqlhjsm', 'bqn29m9k', 'nksd3wuw', 'krtqq8uo']"
13823,"['5a5a8ifz', 'v8ujnrbi', 'cvbxv7h7', 'd7024aia', '5zhjn3u2']"
13824,"['65efipbi', '6hl6rtsh', '121p2shq', 'e7uvbra5', '2f09vauy']"
13826,"['2my9o9fy', 'tx7ql71r', 'bo6kbb6k', 'd4p5r746', 'e9j4b00a']"
13844,"['tra5ewc5', '30pl5tx3', 'i1yf8fgk', 'nlnkgkjo', '763v4duh']"
13884,"['nt1e70dv', 'z94skip6', '5a5a8ifz', '167f4gyg', 'syy2r7jr']"
13887,"['8w43qkqu', 'l5nncxqo', 'v7ckvxjp', '33znyrn8', 'q10pvwf5']"
13899,"['x60fkihk', 'jlr943nv', 'wbw7gbfv', 'ic2h01gm', 'usfvulc2']"
13909,"['1adofojj', 'e9ba18fn', 'nb27fn2z', 'js91utss', '4gj7qdtw']"
13913,"['i88ccp9w', '8796x4ne', 'wotf0lzx', '9nostuqg', 'y2ezdqhr']"
13925,"['k457kqlo', 'nyqcozvx', '9sh9mk6p', 'dlwfu274', '6a6tyvtz']"
13937,"['ai5dfdfk', 'fgab2fu3', 'yhmcx7ae', 'pyz2tnhk', 's599iazh']"
13992,"['r58aohnu', 't0iw2vod', 'xs7vkm19', 'x800xxj2', 'xxuctcyq']"
14002,"['tra5ewc5', 'gtwg0m54', '30pl5tx3', 'db8fl9d2', 'jjh1z5c6']"
14034,"['ze4bvjkt', 'j0bu0upi', 'x14iywtr', '8zufbeuz', '5hei9fac']"
14040,"['jbom8iq6', '0sac2vic', '8zufbeuz', 'ukdylwb7', 'dssikr5i']"
14044,"['1ad18z11', 'j2t0ofgt', 'jn2omyez', 'no45mgyd', '14he8n3u']"
14053,"['qcxpmfmq', 'n85adjg5', 'wotf0lzx', '4sqjvr3y', 'b9uc5gpv']"
14070,"['4hmecfi0', '0ho4f5wg', 'ne7e12nj', 'v4ubd1l6', 'i9wjpbe7']"
14072,"['g5h4tazp', 'tuqmar6w', 'hm332jqo', 'qxhujttt', 'zz4cczuj']"
14076,"['7b7on38r', 'v4ubd1l6', 'v29jmh6s', 'ck338ifc', 'si5mxgrk']"
14077,"['nrc35akc', 'xykncac7', 'r09wzv43', 'hfhjjwbl', 'c3955inl']"
14084,"['g5h4tazp', 'tuqmar6w', 'dzkf7c7l', 'zd8c1no7', 'yw8a1ssd']"
14111,"['y6ufb4l6', 'cgc0v1dg', '43c1vind', 'cfkh0ypy', 'wq3rlpo3']"
14122,"['1z1tces3', '3v8lijcn', '56uzzrh8', 'xwghd9ut', 'deezca5z']"
14125,"['4vtad2ve', 'wjktna81', 'fnojlsnj', 'f3eogz0n', '2um2wbcs']"
14130,"['35meen0h', 'vx1hjh26', 'nx9hi7lf', 'vuzbni5m', 'l72grjbg']"
14132,"['qkg8fwbp', 'wt471v5k', '8l5i1z27', 'cj3cpn5j', 'u5nxm9tu']"
14134,"['4dsq1dds', 'e7uvbra5', 'yjbmi8ur', '2f09vauy', 'f97doeoj']"
14139,"['8n4zf9oo', '9mdf927z', '5t4twnpm', 'k457kqlo', '0o7rm667']"
14143,"['wv2gzahy', '1peg3502', '5zhjn3u2', '4sq7t6hg', 'fpexa30s']"
14152,"['vf7xj5qt', 'e4xw6gyp', 'iy8pp5ey', 'wuojo19n', 'd3fpqczo']"
14153,"['wo9gg7nx', '9195zweg', 'ubvdzjkw', 'n1q1wr9s', 'htpyn9ve']"
14193,"['bwmpamea', 'n5sei1oc', '0gn3b98n', 'qpzg8lam', 'erygg5u2']"
14196,"['ep9moftg', 'yhmcx7ae', 'rnilge14', 's1qnjgev', 'pyz2tnhk']"
14203,"['qn6wawxk', 'yk2th44f', 'b3ui95vx', 'xl9rwld2', 't8jlihgm']"
14233,"['r5v2gi3v', 'jhge9qy5', 'ioclf03d', 'e0pz0z4j', 'e4xw6gyp']"
14236,"['nih4l4ok', 'ndcg3o7a', 'sjdrziru', 'y74qhqw7', 'fsid4a39']"
